sentence	label
他教授了。	0
他把书拿走了几本。	1
昨天我差点没找你去了。	1
我昨天想试试我左手的开车技巧，所以昨天去公司的时候开了左手。	0
你到底想说什么吗？	0
三个朋友吃了饭多好。	0
从超市，他买了很多水果。	1
我是吃过蛇肉的。	1
什么东西有人不吃呢？	1
他们那一天都生病了。	1
这种小事自然不被上头重视。	1
老师一声令下，大家就开始忙了起来，有的去铲土，有的搬土块。	1
我饱。	0
露露对蜜蜜过分客气了。	1
我喊哑了嗓子。	1
我送两个朋友至少两个礼物。	0
我是到死都会想着你的。	1
露露已经睡觉，不要大声说话。	1
每个小孩都有一个玩具特别喜欢。	0
有客人来了。	1
有三个学生，我知道在学校受伤了。	0
张三做起事来用不用心？	1
张三会死一条鱼；李四也是会死一条鱼。	0
小明是一个聪明的人。	1
他把我气得不想写信了。	1
张三重我三公斤。	1
他们往操场上演戏。	0
张三的脸稍微有点红红的。	1
我的苹果他给咬了一口。	1
张三给了两巴掌丈夫。	0
把贵重的首饰，他藏在瓦罐里。	0
你为什么说最多两个人}辞职？	1
我1989年住在鹿特丹。	1
张三跑得一双新球鞋掉了底。	1
露露过分敏感了一点。	1
这件事故校长责任很大。	1
她读了那两本英文写的书。	1
安静，上课了。	1
因为他不会，我一定得照顾他们。	0
他不去北京了。	1
这里有更多书包，慢慢挑。	1
他跑得很累。	1
小明要不要站起来？	1
宝荣今天跟几个朋友在后院玩得很痛快。	1
张三写上字在黑板上。	0
他射一箭。	1
到政治系主任那里。	1
露露比丽丽漂亮。	1
小张热乎乎地熬了一锅汤。	0
李先生笑下午。	0
他们演在操场上。	0
垃圾被及时请人清理了。	0
张三比李四高高的。	0
谁无论什么都吃。	0
那封信被叫李四请王五托他妹妹寄走了。	0
校长对这件事故责任很大。	1
胡斐来，我就留下来。	1
中国，大城市呢，交通方便一点。	0
张三比李四跑得快。	1
你为什么把我崭新的故事书扔了？	1
张三要离开，但是我不知道张三要离开的原因为什么。	1
我上星期吃了那家饭店三次。	1
他养一只兔子。	1
我们下车以后，就开始上山。	1
一只猫总是有四条腿。	1
他连坐在迷你马上都骑马啊很紧张！	0
那三本你送我的有趣的书我一直保存。	0
他一拳打在了对手的脸上。	1
我听到了露露的弹钢琴的声音。	1
不想小肚子一阵疼滚将上来，一块儿蹲到在地上。	0
明是很喜欢你给他的礼物。	0
奶奶织大了毛衣，胖点也能穿。	1
这根绳子短啦50公分。	0
中国人民所取得的成就使敌人害怕。	1
是有过几天清闲的日子，不过现在老主顾又都回来了，跟以前差不多。	1
张三骑得那匹马很累。	1
刚刚还很少学生在读书。	0
你想去，我但是不想。	0
李逵累得哭了两天。	1
这种地方把小树给长歪了。	0
玛丽在五分钟内激怒李四。	1
她有细细的头发。	1
阿Q给他烤了一块蛋糕。	1
他是跟你开玩笑的。	1
他能去我不敢的地方。	1
张三怎么样修车？	0
妈妈呢，对朱自清写的散文很爱看。	0
露露听了那个消息以后，特别高兴。	1
日本人么，真的努力工作吗？	0
石头丢到水井里。	1
他喝醉了酒，倒头大睡。	1
我已经买了单。	1
我插了花在花瓶里。	1
这首歌玛丽唱起来很好听。	1
我去跟他谈的。	1
邓小平逝世的那一项重大的消息令所有人震惊。	0
他有没有跑得很快？	1
刘麻子被用浸过水的麻绳结结实实地捆了他一下午。	1
张三贪污跟李四偷窃的后果一样严重。	1
桌子上有书。	1
他造了一座桥，可是没造好。	1
老师把他的纸条看见了。	0
李四进来的时候，他总是还在吃东西。	0
那首歌唱起来我落了泪。	0
他们都比我高一头。	1
她头发没烫。	1
茴香豆，我吃过阿Ｑ做的。	1
张三这个月休礼拜四，下个月休礼拜五。	1
食物很新鲜。	1
李四贪污公款的代价很大。	1
他正把信写着。	0
是张三打了他。	1
除了可以自己吃饭，张三还或许可以走路。	0
他踢破了他的球鞋。	1
我写了两封信。	1
这件事他知道了。	1
那段路走得我累死了。	1
他们会吃的橘子一定很甜；不会吃的橘子一定不甜。	1
他们几乎赢了一场球。	0
脸上不是挤出白色的东西了，是挤出黑色的东西了。	1
有一个玩具每个小孩都特别喜欢。	1
老爷子从来不抵制使用洋货。	1
刘老板请大家吃一顿饭。	1
他都已经学了三年中文了。	1
他很英勇。	1
他们唱得我没心思看的那本小说。	1
刚才的比赛跑得他们满身大汗。	1
他好像很妥当地解决了所有的问题。	1
他很骄傲，但我不知道多。	0
这书不好看。	1
小芳和小梅都一样高。	0
有来无回。	1
这就是我喜欢他唱歌的声音。	0
就是我们中国人看起来，也往往会觉得他好像讲着周围的人物，或者简直自己的顶门上给扎了一大针。	0
这几天诊所不给看病。	1
张三知道三个人一定搬得动自己的钢琴。	1
张三呆在家里。	1
这孩子追得我直喘气。	1
水清清的。	1
这件事激怒了李四。	1
我很舒服了。	1
学生吃了蛋糕。	1
我故意踢这个球去撞他的头。	0
他喜欢谁打算请他来演讲的作家？	0
他想雇佣会讲一口标准英文的人，但我不知道是多流利的。	1
张三踢李四。	1
他很忙，对于文件一向欠读一章一段。	0
他连吃都吃最贵的。	1
艰苦的工作病倒了涛涛了。	0
我把第一年的博士生都找了过来。	1
谁想不想吃苹果？	0
屋子里出现了只蚂蚁。	1
我想找一个秘书兼一个打字员。	1
毛巾被约翰扭干了。	1
我喜欢吃这些饺子。	1
张三，你教过的那些，他们几个学生，现在在这儿。	0
这就是我们以为他没来的原因。	1
李四被张三怕会打王五。	0
昨天来了客人了。	1
姐姐白色的衣服洗干净了。	1
我抽烟，就被第一口呛得连连咳嗽。	0
房间完全被收拾干净了。	1
张三要去，而且我不去。	1
但经常是在中途有了空座后才坐下来。昨天也是。	1
运输队往厂里运。	0
这几个数字，使县领导十分惊讶。	1
他把门洗好，窗户擦干净了。	1
阿Ｑ还没见到第一年的博士生。	1
那个学生啊，我认识昨天来找你的。	0
情况有变化。	1
如果你认为他最喜欢小梅。	1
我想知道一只猫那时候是不是在爬树。	1
难道他是老实人吗？	1
这本书很好看。	1
多么详细的，他要一份名单？	0
煮菜，我是烤过鸡。	0
李四之前喜欢玛丽，他或许还喜欢她。	1
连张三，我昨天都看见他了。	0
小王呢，是上海人。	1
玛丽的批评把李四激怒了。	1
张三喝红酒。	1
他连便宜都不占。	1
李奇又睡觉了。	1
学生啊，我认识那个昨天来找你的。	0
他去学校吗不？	0
张三被警察逮捕了儿子。	0
小虎这害怕呀，就把苹果递过去了，结果二伯一口就给咬下来一半。	1
小芳很高，小梅很高。	0
连一年鱼，李四都没卖过。	0
给衣服淋湿了。	0
有人会来吗？	1
张三吃了一个下午。	1
他在搞研究。	1
他烂了一筐苹果。	1
张三坐上了头等舱。	1
李四卖鱼已经三年了。	1
他写疼了手指。	0
那个人，我无法跟他合作。	1
我因为每个人都决定去看他很高兴。	0
我好心劝他，却被他不理不睬。	1
张三肯定比李四高一头。	1
老王现在还在看电视。	1
小部分的学生会去。	1
小明是不是站起来了？	1
张三还在车子里。	1
瞧，几句话，就把“野心”给露出来了。	1
张三洗了衣服。	1
李奇睡那种沙发三小时了。	0
张三买了很旧的车，但我不知道是多大多大的。	0
他不能去美国。	1
张三和李四合教了一门课。	1
丽丽买的本书很贵。	0
我在路上遇见一位老太太，说她遗失皮包。	1
露露睡觉。	1
产品推广到社会上。	1
小猴子跳在马背上。	1
他应该看书看了十个小时。	1
他回学校来拿东西。	1
李四卖过一年的鱼，两年的菜。	1
他敢去每个我不敢的地方。	1
他家的地板干干净净的。	1
小王嘛，班主任喜欢他还是不喜欢？	1
我气得他吃不下饭，睡不着觉。	1
你吃的是什么？	1
这五个学生各应该每三本书。	0
左手是绑红绳。	1
脸上是挤出白色的东西了。	1
这件洋装看上去很漂亮。	1
张三喜欢游泳，王五也喜欢游泳，他们都是喜欢游泳。	1
你不必多嘱咐，我知道。	1
电影有看头了。	1
他在学校碰见了是谁？	0
张三高了他三公分。	1
今天的工作还差写一份总结。	1
他看了一整天两小时的电影。	0
运输队在厂里运。	0
这件礼物被送了凯特。	0
那碗豆腐太辣哭了孩子。	0
这张桌子太宽了一点。	1
我知道每个人都决定去看他。	1
张三今年比李四认为王五去年高。	0
张三甚至看过那本书，	1
他有妹相伴他。	0
小狗挠了老张一爪子。	1
老李被隔壁的刘三给打了一顿。	1
医疗团队要防备有什么人突然生病，否则将影响研究进度。	1
他们根本不差哭鼻子。	0
小王嘛，喜欢吃米饭还是面条？	1
我叫两个学生回去把他们的车子开来。	1
李奇还在吃着食堂。	1
张三买了一辆车，但我不知道车子他买了多新的。	1
我是有听过传闻，但是战况真的有这么糟糕吗？	1
张三使我打伤他。	0
张三打了李四，但我不知道是为了什么。	1
我骂了孩子们一人。	0
老人给摔倒了。	0
这些事情不能被所了解。	0
米饭给吃完了，你让我吃什么！	1
李四高出张三两寸。	1
我哭得眼睛都红了。	1
小狗给放跑了。	1
他那道菜煮得很好吃；我没有。	0
张三连这本书都看过。	1
他把橘子剥皮。	0
三个顾客衣服买贵了。	1
门帘掀开了。	1
张三是法语学了很多年。	0
我给每个他要的人一本书。	0
那一本他的我看过很多遍的书绝版了。	0
老爷子压根儿没有注意门前那条臭水沟。	1
马上就开车了，坐好。	1
这件衣服还便宜。	1
只有张三和李四喝酒。	1
他虽然很忙，但是对于文件一向不欠读一章一段。	1
老吴羞辱李四，可是我不知道怎么样。	0
三个人吃得完五碗饭的。他们肚子饿死了。	0
小刚把桌子给碰歪了。	1
我们办晚会需要十张桌子。	1
他推了脚踏车过来。	1
刀被我拿切了肉。	0
他回来学校拿东西。	1
我刚走进公园，就被派警察请进了派出所。	1
张三最好的朋友：他学法语学了五年。	0
老王呀，把白色的他女儿给他买的专门用来喝咖啡的搪瓷杯子打破了。	0
他很骄傲，但我不知道是多。	0
这个回答对对的。	0
这瓶酒吧，先全喝了！	1
他买书不呢？	0
张三被李四怀疑他偷了钱。	1
一定要把房间完全收拾干净。	1
连看他都不想看。	1
我昨天看到的那场比赛出乎我的意料。	1
警察捕了张三。	1
李奇写毛笔三小时了。	1
我昨天看到的那双鞋子出乎我的意料。	1
这里的果树啊，小王都剥过皮了吗？	0
连张三，我昨天都看见了。	0
他看书应该看了应该十个小时。	0
张三教过三个学生很聪明。	0
我非常伤心他的去世。	0
他对你的分析的批评很到位。	0
他把帽子给一摔。	1
她送或者拿来了一碗汤。	0
糖水甜津津的。	1
这件事哭得李四的眼睛红了。	0
露露对蜜蜜过分客气。	1
1976年死了很多人。	1
他骑马骑得很累。	1
张三给参观了。	0
便宜都被他给我沾光了。	1
他修车的方法比我修车的好。	1
奥巴马每到一个城市他都跟市长见面。	1
我有个弟弟在上海，不是哥哥。	1
我是昨天来台北的。	1
张三仍可能明天这个时候到北京。	1
他认识张三的三个姐姐。	1
阿Q论为了什么都应该离开。	0
连关于他自己的文章张认为李四都批评过。	0
几岁的，张三有一个小孩？	0
一个女人挑着一担水进来了。	1
他吃了那顿饭。	1
菜越来越贵了，但是我不清楚是多少钱菜越来越贵了。	0
老王呀，把白色的专门用来喝咖啡的搪瓷杯子打破了。	1
我就不打搅了。	1
这瓶酒醉得张三站不起来。	0
玛丽把一片的的树叶捡了起来。	0
通道都已经被派兵把守。	1
昨天盖了一排小木屋。	1
气球飘半空中。	1
她们机场连着出了两次事故。一个水箱没扣上，起飞时，一箱开水都浇到坐在下面的乘务员头上。	1
张三做不做起事来很用心。	0
张三在放行李，马上过来。	1
他急得大哭起来。	1
张三把李四的看法很赞成。	0
头顶上是灰蒙蒙的一片天。	1
你有没有可能会离开台湾？	1
孩子给病死了。	1
我的椅子的高度比你的桌子的宽度大。	0
张三看见某人，但我不知道到底谁。	0
他在某个地方看到你，但我不知道在什么地方。	1
挖洞，我逮了兔子。	0
阿Q给你们写了一封信。	1
宝荣今天才会在后院跟朋友玩。	1
有人要来拜访你，猜猜是谁要来拜访你。	1
他们从来就不差哭鼻子了。	0
他比我还重三公斤。	1
他看过那本书。	1
他来不来一点儿都没关系呢？	1
每个专业都怎么样？	1
她们都和我是同乡。	1
他刚才吃了一个苹果，你也应该吃一个。	1
他一向不后悔年轻时抛下父母，远走他乡。	1
几乎那些人都来了。	0
我想车子开了一万公里就去保养。	1
约翰把毛巾扭干了。	1
我把教练都追累了。	1
李四被我们骂得很厉害。	1
什么张三想知道李四买了？	0
张三在想那件事。	1
小张会颁发奖状给那些想出了答案的人。	1
他很骄傲，但我不知道是多么。	0
他喜欢每个我也是的人。	0
被李四张三昨天打了。	0
他被李四骂了两声，王五踢了三下。	1
张三要一份很详细的名单，但我不知道多详细。	1
李四都认识每个人。	0
阿Ｑ—口气喝完了六罐装的啤酒。	1
张三给卖了。	0
有每个人都去投票了。	0
因为他不能来，我们很失望。	1
这就是那一小箱书。	1
丽丽想每天吃个苹果。	1
等汽车到了站，他肯定还在睡。	1
自行车在院子里停。	0
小树比大树容易断。	1
我送至少两个朋友两个礼物。	0
他把我恨得牙痒痒的。	0
学生们各笑了。	0
露露高。	1
张三更比李四高。	0
张三离开了，但我不知道那是为什么。	1
小张的爸爸是个英雄。	1
这场长途赛车我们已经开了三分之一的路程了。	1
他在那个城市举办过一个展览会。	1
他好像没吃什么东西的样子。	1
我喜欢张三他这个用功的学生。	0
他哭大概可以哭好几小时。	1
明很喜欢你给他的礼物。韩也是。	1
小王是第一个跳。	1
诸葛亮哭周瑜。	1
张三对这件事有责任很大。	0
这一数字与上世纪90年代早期不足0.5%的数字相比更是有了显著增长。	0
丈夫的理解使她十分感动。	1
气球过下了。	0
这件事张三有责任。	1
张三会更经常地来探望你。	1
是不是没有人想去？	1
每天只能吃三分之一粒的感冒药。	1
我们把李四骂。	0
前六个学生去过台北。	1
我们讨论了要不要扩大招生的问题。	1
水果，我最喜欢香蕉。	1
参加比赛的是北京队和山东队。	1
他今天不来，明天也该来了。	1
你不乖乖的。	0
张三喝酒了吧。	1
是阿Q喝了红酒。	1
他可坏了。	1
我昨天看到的那颗星出乎我的意料。	1
我曾经以为这根绳子长了一点。	1
不论什么人喜不喜欢他都和我无关。	1
整个河北差不多全给刘秀给占领了。	1
菜越来越贵了，但是我不知道是多贵。	1
小明站起来了。	1
你要闹，就拿神拿鬼吓唬你。解放以后，把这东西就从思想上啊，给解脱了。	0
阿Q啤酒喝了六罐，小Ｄ高粱喝了两瓶。	1
如果他怎么修车，你就应该用那个方法修车。	0
我想杀它一个措手不及和它一个片甲不留。	0
这本书连他都不看。	1
下个月我就在日本了。	1
这个小男孩被所迷惑。	0
他有妹相伴。	0
牛奶运在厂里。	0
张三做起事来很认真。	1
来是来了，可很不情愿。	1
李四被侮辱了。	1
他在某个地方看到你，但我不知道是什么地方。	1
一只狗，我看过。	0
有个女人杀了李四。	1
他居然听任有什么人随便进来。	0
书是我的。	1
小狗杀死了。	0
我对他的去世非常伤心。	1
张三昨天上午可能赢了那场比赛。	1
我正在赶昨天拿回来的作业。	1
有三瓶酒被阿Q喝了小D。	0
张三在学校比在家里开心。	1
张三打了李四，但我不知道是在什么时候。	1
他吃的东西都是好东西。	1
小明站不站得起来？	1
我明年去北京的。	1
他们砸碎了一块玻璃。	1
张三砸了几次门。	1
小船沉了。	1
李四把老虎没有打死。	0
那孩子把杯子给打碎了。	1
他看到了一个男孩；我也看到了一个男孩。	1
他用针戳。	1
他是很漂亮。	1
他没准时有回学校。	0
每个人决定去看他是不可能的事。	0
这个没有头脑的人终被小人所陷害。	1
我吃晚餐这家饭店。	0
我喜欢是张三买的狗。	0
李四被怕会他王五。	0
这个太小，老李只好睡地板。	1
走上前把他扶起来。	1
我看出他妹妹离开了她丈夫这回事使他很高兴。	1
咱们玩它一幅痛快。	0
我昨天买的那本书丢了。	1
我有张三的那三本书。	1
只蚂蚁出现了。	0
小孩把妈妈追累了。	0
张三会说张三喜欢张三的老师，李四也会说张三喜欢李四的老师。	0
你对那件事的严厉批评很到位。	1
张三坐上了第一趟班车。	1
他画画用掉了一大张纸。	1
都十分高兴。	1
纸上画了一个圆圆的几何圆。	0
老王嘛，你先带过来给我看一下！	1
淑芬来了。	1
张三有一事相求。	1
衣服阿姨洗干净了。	1
那本书，张三都睡着了。	0
你觉得他会不会来呢？	1
李四很沮丧。	1
汤有点煮咸了。	1
李四训练马训练得怎么样？	1
他没有去北京。	1
小王吧，是上海人。	1
懂它个法文有甚么了不起。	1
太历来了。	1
张三花了两个小时吃完那顿饭。	1
那三只狗太吵了。	1
张三买了一些东西，但是我不知道是什么东西。	1
他整天婆婆妈妈，唠哩唠叨的。	1
连下雨我都不打雨伞。	1
小王嘛，班主任喜欢不喜欢？	0
星期三你可以把车子开回来。	1
张三会更加经常地来探望你。	0
他听到了你叫他修车的原因。	1
我们把他看到了。	0
他是一双大眼睛，不是小眼睛。	0
这个孩子老老实实的。	1
你爬你的山。	1
他们把这些事情做完了。	1
弟弟吃饭。	1
露露漂亮丽丽很多。	0
他什么书没写。	0
李四悄悄地送了张三一件礼物。	1
悠悠追累了涛涛。	1
张三没有被李四打伤手。	1
张三出事了，但是我不知道是在哪里。	1
哭得很伤心。	1
那个时候觉得有一点饿了。	1
他昨天在学校比我今天在家里开心。	0
我很喜欢音乐。	1
他骂了那个人三次。	1
张三连饭都虽然没吃，但在比赛中很有活力。	0
大门给换了把门锁。	0
丽丽睡沙发，他还会睡更多沙发。	0
每个人都做了什么菜？	1
但是我很温柔，虽然我很丑。	0
那个化妆品使用起来清爽，不黏腻。	1
我买了一本书。	1
他快速地向我跑过来。	1
一个高高瘦瘦的金发姑娘二十岁。	1
是张三买的狗最可爱。	0
他能不去美国。	0
这是张三作为博士生的第一年。	1
衣服被淋湿了。	1
他们都跟我一样高。	1
如果他最喜欢小梅了。	0
他挺坏了。	0
虽然张三很累，他还是洗了碗。	1
作业给写完了。	1
淑芬把毛衣织长了。	1
她提出来的让儿子出国留学的想法受到了父亲的赞同。	1
张三很诡秘地跟几个朋友买了手枪。	0
阿Q明天去上海，而黛玉下星期才去。	1
你去帮他好了。	1
小偷一般都在被人不注意的情况下行窃。	0
石头丢在水井里。	1
他们从来没有责怪我匆忙地作出了离婚的决定。	1
他们三个学生都很优秀。	1
熊猫吃竹子。	1
他气得呀，我不想写信了。	0
哪把菜刀切钝了？	1
李四在市场卖了一年鱼。	1
他去火车站接人的。	1
一碗饭吃三个人很好；两碗饭吃不好。	0
他把我的书给拿走了好几本。	1
她不去学校不？	0
天气会再热。	0
高速公路上开着一排坦克车。	1
每个人不都做了吗？	1
自申请的次年开始适用。	1
我对他们两个很有好感。	1
因为太多的学生想进入会场，结果把西电礼堂的大门给挤坏了。	1
杀你个片甲不留。	1
我在外面儿开计划生育工作会议，你们倒把超生游击队给它搞到家里来了。	1
你对这个计划的意见很深刻。	1
毕业旅行快到了，但是我不知道星期几毕业旅行快到了。	0
他以为每个学生都喜欢书。	1
王五很不高兴。	1
李四顶了老张一脑袋。	1
张三比李四高得多。	1
我挺舒服。	1
她拿了一本书。	1
他被人找到了。	1
宿舍被他买花来了。	0
学生们一人到达了。	0
他有把枪放下。	0
他气得我不想写的那封信。	0
这本书把我看得封面都坏了。	0
连张三都看过这本书。	1
我想要一个室外看的望远镜。	1
他都买了每个的东西。	0
那场火，幸亏消防队来得快。	1
张三想死它个痛快。	1
这是一件真真的事。	0
他的手把栏杆抓得紧绷绷。	0
他走进屋里拿东西。	1
东尼送了一封信给凯特。	1
我是吃的红米饭。	1
李四把我吓了一跳。	1
袁宗第已经杀得两眼通红，络腮胡子支奓着，策马赶上，大吼一声，一铁鞭把祖大弼打落马下，他的亲兵和偏将们舍死反扑，把他救走。	1
姐姐脏的衣服洗干净了。	0
没有人是不是想去？	0
露露非常高190公分。	0
胡斐喝完了汤。	1
那把刀么，小王应该会用来切菜。	1
老李和老张是山东人。	1
全部学生，他喜欢。	0
花红了。	1
他把李四害了自己。	0
他们都比我高。	1
她吃了三碗面了，饱了，不吃了。	1
这是一支能写的笔。	1
但经常是在中途有了空座后才坐下来。昨天也是那样。	0
张三打死过一个人。	1
他必定会来。	1
要是一个人很有钱，我们就去找他资助。	1
张三已经离开办公室。	1
张三喝红酒了。	1
我吃了他一个苹果；他吃了我。	0
她的话说到心坎上。	1
我们把李四骂了一顿。	1
他们希望学校给寄来了一本书。	0
这个不孝之子真是没气死我啊！	1
我们家里盖了两栋小木屋。	1
这场长途赛车已经开了。	1
这一回可被他爸爸给他给给他骂哭了。	0
您给修一修电视。	1
显然玛丽跑得很快。	1
那犯人给跑了。	1
他有进步。	1
时刻小心广告牌掉下来砸着人。	1
经理承认私自给什么人看过。	1
脖子扭伤了。	1
你认真地上。	0
跟李四比起来，张三更高。	1
嘴里不说，可是他心里想着呢。	1
我连看相信他都没看。	0
我现在想到还是很可怕。	1
对这件事故校长呀责任很大。	0
严厉的你对那件事的批评很到位。	0
苹果，张三只买了一个。	1
看书，他看了三个小时。	1
气球在空中飘。	1
只要李四有钱，张三就喜欢李四。	1
我住在一个小小木头房子里。	1
我和他们都一样高。	1
他把没把你害了。	0
我看过，这电影呢。	0
一个学生那时候可能在学校。	1
张三给了几刀歹徒。	0
小鸟在树枝上落。	1
难道你相信他是老实人吗？	1
他咳了。	1
他有去北京。	1
他那本书可能已经买了。	1
他去了北京。	1
一个高手下错棋很不可能。	0
他走进一个球场了。	1
我们对住宿的要求嘛，交通必须还方便，价格还必须便宜。	1
每个孩子都会带来他最喜欢的一个玩具。	1
你们，谁会为了什么离开？	1
宝玉要跳舞，我可是要回家。	1
我哥哥唱哭了。	1
姐姐方格儿的衣服洗干净了。	1
小王啊，班主任喜欢不喜欢他？	1
张三明天这个时候可能到北京。	1
李四顶了门板一脑袋。	0
电影太有看头了。	1
他的那一本我看过很多遍的书绝版了。	1
他是一个能写的人。	1
他乐心里。	0
他敢去我不能的地方。	1
他用小刀在封皮上划了一下，但是并没有留下痕迹。	1
每个人不是都来了吗？	1
他马上回来。	1
李四一拳打在了对手的脸上。	1
上个星期他来的。	1
谁你认识，谁不认识？	0
干社会主义我一百个拥护，一千个赞成的。	1
这不能避免有什么人随便进来。	1
张三用叉子比用筷子熟练。	1
这家书店只有两类书。	1
张三喝了白葡萄酒。	1
张三明天这个时候可能已经到了北京。	1
小明昨天在家比小军今天在学校开心。	0
每个人不都去。	0
那首歌唱得我呀，哭了起来。	1
这就是我们正在考虑的那个要不要扩大招生的问题。	1
张三死了父亲。	1
阳台上，一个女孩正在唱歌。	1
张三的儿子比李四的高一点。	1
这瓶酒啊，先全喝了！	0
他们把这些事情所做完了。	0
王老师呀，把张平英写的论文反复地看了好几遍。	1
王五有三只这一种狗。	0
农田毁坏了。	1
大雨洗冷水。	0
张三眼镜打破了。	1
小王一个字也不认识。	1
因为他过重，所以他不用当兵。	0
张三基于某个理由决定要休学，但是我不知道为什么。	1
她拿了一碗汤来。	1
跟张三跳舞的女孩很漂亮。	1
他们根本还差哭鼻子。	0
你想去，却，我不想。	0
张三好像会赢这场比赛。	1
衣服给叠得整整齐齐了。	1
小鸟被飞了。	0
我想买本书。	1
我可舒服了。	1
戴眼镜儿的那位先生是谁？	1
张三被李四打断了一条腿。	1
张三没有来，我不知道怎么没有。	0
涛涛追累了悠悠。	1
吃水果的时候，他很少只吃苹果，他一般会再吃点梨。	1
你今天高不高兴？	1
她给游泳了。	0
我看到三个客人点了牛肉面。	1
这个人吃吃得得开开。	0
屋子里出现了蚂蚁。	1
他们怎么都在地板上睡，不冷吗？	1
那三个买了地毯的人。	1
小王第一个跳的是不可能的。	0
他们往院子里搬。	1
我有那三本张三的书。	0
这把刀子不应该切肉。	1
懂个法文有甚么了不起。	1
张三吃牛肉面呢。	1
你人太好。	1
他使没使你很快乐？	1
被人不信任的感觉真不好。	1
英国的中文老师。	1
谁到底是这里的害群之马？	1
李四喝醉了使张三很生气玛丽突然离开。	0
张三出过国。	1
我们想吃它一个饱。	1
这件洋装没有看起来很好看。	1
我要把他打断腿。	1
阿Ｑ—口气吃完了一个三斤重的西瓜。	1
露露高190公分。	1
李四没有喝一杯茶。	1
他出版了他的第六本书。	1
他只愿不愿意修车？	0
有学生都不会去投票。	0
张三所弹钢琴的声音很好听。	0
他是喝的牛奶。	1
他们运到工地上。	0
冷风吹病了他。	1
请把货物搬到仓库里。	1
他明天会看到三个人，还会跟他们做朋友。	0
伍子胥白了夫差的头发。	0
我们台北到了。	0
跟张三跳舞的女孩比跟李四约会的高一点。	1
一种方法最近问世。	1
孩子使金鱼游得看不见了。	0
小芳比小梅都喜欢唱歌。	0
露露特别格外关心气象预报。	0
主人不介意，但是我可是非常介意你居然这么说话。	1
他只喜欢谁？	1
你去帮他就好了。	1
他到底来不来？	1
他星期天洗衣服。	1
六个学生，我知道去过台北。	0
我在兴国学校教书。	1
如果谁欺负你，我就帮你揍他。	1
每个人为什么都要生活得那么累呢？	1
老魏踢得断那条木板。	1
他小心翼翼地说你怎么唱过民歌？	1
他们从根本上防止人口流动。	1
病人给摔倒了。	1
张三被李四昨天打了。	0
山体给炸开条裂缝。	0
医疗团队想到有什么人突然生病将会影响研究进度。	0
桌子上是书。	1
王胡连高粱都喝了两瓶，啤酒就更不必说了。	1
他们你一句，我一句，说个没停。	1
有学生常常不来。	1
我请过两次全班的学生。	0
我要向它一个人发泄一下。	1
李四卖过一年的鱼，两年菜。	0
小心噢。	1
这就是如果他怎么修车我会不高兴的方法。	0
理想追求听起来很遥远。	1
你认识他不认识他吗？	0
你难道吃了饭没？	0
他只怎么修了车？	0
张三没有被李四打伤了手。	0
李四凿了几镐头地板。	1
我昨天可能已经答应了你。	1
有没有谁想吃苹果？	1
没有很多学生都不会去投票。	0
我会把他怕一辈子。	0
你可以把车子从纽约开回来。	1
三个学生大概吃不完两个蛋糕。	1
我想找一个秘书和一个打字员。	1
张三比李四还高。	1
给我，阿Q居然拿了钱就跑。	0
有两个人躺在地上。	1
我们快步迎了上去。	1
李四送了这些老师一人三本书。	1
那个女生是一直在看我。	1
不幸地，他没通过考试。	1
眼镜儿老王已经买来了。	1
那个胡斐真不像话。	1
这棵树呢，叶子好繁茂啊！	1
我认识昨天来找你的那个学生，但不认识今天来找你的那个学生。	1
我上星期吃了三天饭店。	1
张三以为什么李四买了。	0
小张热乎乎熬了一锅汤。	0
谁做了每道菜？	0
我喝酒自己花钱的我喝酒自己花的钱。	0
学生们每人啊，应该各送三本书给老师。	1
阿Ｑ见到了第一年的博士生，还没见到第二年的博士生。	1
张三被喜欢。	0
老太太从来小心邻居家那条恶狗。	0
我听到了他弹钢琴的我拉小提琴的声音。	0
我听到了露露的宝玉弹钢琴的声音。	0
我不相信什么人。	1
张三坐疼了背。	0
他在房间里咳。	1
他喜欢这本书不喜？	0
露露太高。	1
牛奶冷下来了。	1
我请过全部的学生两次。	1
给我跪下！	1
里程表给开爆了。	1
他开过危险水域。	1
产量增加了。	1
阿奇洗冷水，这样很好阿。	1
这件洋装穿起来很麻烦。	1
没有客人来。	1
小王呢，多么调皮啊！	1
论文写起来很快。	1
这就是张三以为李四代考的价码。	0
李四吃什么都跟我无关。	1
不是瓦特发明蒸汽机的。	1
张三和李四两人是同乡。	1
流光容易把人抛，红了樱桃，绿了芭蕉。	1
他看到了三种的这只狗。	0
这条鱼嘛，哪个小朋友钓的？	1
他的手把栏杆抓得紧紧。	0
一只猫如果生病了；通常睡整天觉。	0
他好像不吃什么的样子。	1
张三爱妻子。	1
我给他增加了负担。	1
摇摇晃晃地，一只小鸭子跑了过来。	1
张三比李四在美国吃得开。	1
他从来不否认自己进军情五处之前当过间谍。	1
我被他气得不想写信了。	1
他骑得累骑马。	0
他儿子聪明倒挺聪明，就是太粗心。	1
他一定一个学生来这儿。	0
我知道每个人决定去看他。	0
张三跑步比游泳行。	1
她们都和我是朋友。	1
妈妈去菜市场买菜。	1
这种药把约翰吃死了。	1
一个男生考得好。	1
张三昨天再给李四两百块了。	0
厨师拿刀切肉。	1
他唱得小曲特别好听。	1
他也去不去？	0
张三说李四那本小说读完了。	0
张三被警察秘密地逮捕了。	1
妈妈呀，对朱自清写的散文很爱看。	0
我逼李四他来。	0
他到底不想买什么？	1
三个人，我知道吃得完五碗饭。	0
一位匹茨堡的四肢瘫痪病人必须在脑电波的帮助下才能吃饭，所以医院为他配备了专门的设备。	1
最多两个人为什么说你辞职？	0
他走进屋里来拿东西。	1
中国人就是这样谈恋爱的。	1
他踢断了那条木板。	1
她写了两题数学一个小时。	0
这条河现在比那条河过去深宽。	0
小刚责怪我给他增加了负担。	1
他训练马训练得很好。	1
买了地毯的那三个人。	1
秀女儿急得哭了。	1
美国当局曾从不怀疑飞碟是其他国家的秘密武器。	0
“叮铃铃”一阵电话铃声响起。	1
阿Q给我写了一封信。	1
那些人都来了。	1
他后悔酒后说了些什么。	1
上有亲友相助。	1
老王吧，你先带过来给我看一下！	1
张三这场比赛中与能踢前卫了。	0
张三因为你骂他比因为你打他还要生气。	0
张三今天昨天开心。	0
跟张三比起来，李四高高的。	1
他把了你害了。	0
这首歌，玛丽唱起来很好听。	1
他买书不？	1
请你告诉他邓小平逝世的消息。	1
我张三比代数喜欢。	0
他到来学校拿东西。	0
两只猫在院子里打架。	1
小王啤酒喝得多猛啊！	1
三天没吃饭了。	1
他吃了一碗饭。	1
张三呆到家里。	0
孩子吃饱了。	1
地震到处跑。	0
张三感动了玛丽。	1
张三跑得快吗？	1
学校里发生了谋杀案。	1
我被他骗了。	1
老爷子从来不注意门前那条臭水沟。	1
张三高高的。	1
他跑起新闻来，勇气令人咋舌。	0
我怪不得谁。	1
你吃了饭没呢？	1
张三没有来，我不知道是怎么。	0
李四看到张三的地方。	0
我准时到你那里去。	1
花落到一半。	0
他以为全部学生，他都喜欢。	0
他能吃我不能的菜。	0
有三个老师看到百分之五的学生。	0
小芳和小梅都很高。	1
张三打了李四，但我不知道是用什么东西。	1
张三是喜欢看电影的。	1
他们到达了山顶了。	1
小张随随便便地熬了一锅汤。	1
如果一个人很聪明，我就马上去找他帮忙。	1
我开车的技巧很差。	1
三个学生，我知道在学校受伤了。	0
他推了一辆脚踏车过来。	1
李四吃汉堡吃了慢慢。	0
无论谁都可以来。	1
他敢吃我不能的菜。	0
玛丽喜欢李四去找他。	1
我写了信。	1
他不会做起事来很用心。	0
妈妈的手起了层鳞，叫她给搓搓背顶解痒痒了。可是我不敢常劳动她，她的手是洗粗了的。	0
他们很紧地都抱着球。	0
我跟同他们都一样高。	0
他的表演改进得很慢。	1
跟李四，张三一样胖。	0
不少议员根本抵制用土地换和平。	1
同学闹哄哄的。	1
战士们防止敌人半夜来偷袭。	1
张三是昨天死的。	1
他根本不后悔年轻时抛下父母，远走他乡。	1
他是去北京。	1
他敢做每件我也不能的事。	0
我一篇论文可以应付，两篇就不行了。	1
这就是我们正在考虑的要不要扩大招生的问题。	1
张三刚刚在洗澡，现在他还或许在洗。	0
我想知道谁买不买什么。	0
是昨天他买了什么书？	0
写了字的纸不要扔掉。	1
他是中国人吗？	1
他打一针。	0
老爷子一向没有抵制过使用洋货。	1
从纽约的人有点冷淡。	0
那些作家压根儿避免描写性生活。	1
他一向拒绝记者上门采访。	1
谁先来谁先吃。	1
宝玉要跳舞，但是我可是要回家。	0
这件洋装看起来很漂亮。	1
有至少一百个人都去投票了。	1
这两年，我巳经横了两大箱子的语法书了。	1
张三要一份名单，但我不知道多详细。	1
她的牙齿整整齐齐的。	1
两三个老师就把那群野小孩控制住了。	1
有很多人，我猜不会去投票。	1
他没有把橘子剥皮。	1
昨儿买了沙发，这会儿买了大衣柜，赶明儿买了自行车就齐了。	1
嗬！这壶要了老头命了。搁哪儿呢？屋里连个柜子都没有，连个箱子都没有。你说搁桌子上，猫来了给这壶拨愣地下去了。	1
第六个学生去过台北。	1
姐姐呀，把小红骂哭了。	1
他们各咬了那个苹果一口。	1
大电影院看动作片；小电影院看卡通片。	1
张三踢李四踢得直掉眼泪。	1
我们听讲的同学们被赵先生的勃然一怒愣住了。	0
多，他要一份详细的名单。	0
阿Ｑ撑过了硕士生的第一年，却没撑过博士生的第一年。	1
张三高过两公分。	0
老李为了妹妹把汤端进来。	1
五个小孩吃不完十碗饭。	1
他们各都拿了一本书。	1
我拿给着玛丽李四的包。	0
老爷子压根儿不注意门前那条臭水沟。	1
他去北京了。	1
这个不孝之子吧，真是气死我了！	1
他很骄傲，但我不知道多么骄傲。	0
谁在叫我吗？	1
这样的做法在小公司还可以，但在大公司就不行了。	1
大多数人根本没有怀疑过家庭存在的必要性。	1
学生们一人笑了。	0
校长对这件事故的责任很大。	1
我明天经东京飞回台北。	1
我没有考上大学。	1
好吃极了！	1
市场都被你们占了。	1
玛丽去世的消息让所有人震惊。	1
我是朋友。	0
他做起事来很认真。	1
这双鞋小了一号。	1
露露多吃了。	0
张三不是不喜欢李四。	1
张三杀人跟李四代考的价码一样高。	1
玛丽在五分钟内激怒了李四。	1
张三比李四有点高一点。	0
他们都跟同我一样高。	0
黑是黑，白是白，黑白分明。	1
一座山多么高啊！	0
我看见了张三下棋的李四辩论的对手。	0
那个男生看起来有二十岁左右。	1
露露哭醒了蜜蜜好几次。	1
英雄活在心里。	1
我喜欢吃牛肉面。	1
张三是不是有拿到礼物？	1
我吃这家饭店晚餐。	0
石头打到脑袋上。	1
约翰吃腻了这种馒头	1
玩它个到天亮。	0
我没买花拿报纸回宿舍。	0
阿Q给我们写了一封信。	1
我对张三这个学生没有什么印象。	1
李四做工作经过了三年。	0
李四感动了成龙。	1
你吃饭没？	1
她问明白了这个问题。	1
没吃饭已经三天了。	1
他一回打在了对手的脸上。	1
李四会喜欢音乐；王五也是。	1
我不明白你对这个计划的意见。	1
他想知道谁怎么唱民歌？	0
我喜欢朋友。	1
他不后悔酒后说了些什么。	0
你看看，一个人不看那种电影。	1
这份档案绝密了。	0
玻璃差点破了。	1
对李四张三很客气。	1
王五在政治上没有足够的经验。	1
张三吃完得很快。	0
老爷子从来注意门前那条臭水沟。	0
病了两个多月，还叫他们抬到坑里，活活给吓死了。	1
你会考上了大学。	0
他能做我也不能的事。	0
李四做工作有了三年。	0
表面上看起来这些都是管理系统出了问题。	1
三个人吃了五碗饭。	1
我跑的很快。	1
—个小时前我看到他在吃饭，他现在还在吃饭。	1
一碗饭吃人。	0
啤酒小王喝得多猛啊！	0
那个消息气得我三天没吃饭。	1
您二位这一好心办好事可好，倒把我盼了多少年的好事给搅啦。	1
李四慢慢吃了汉堡。	1
每个农夫都没有一辆用来收割的车子。	1
你把这两本书比一下。	1
你想去，却我不想。	0
石头到脑袋上打。	0
他画了几张纸？	1
他是不是希望很少人来？	1
张三出事了，但是我不知道在哪里。	0
他会不会也去？	1
他们明天会来一个客人；我们也会。	1
你这信得称一下…它超重了。	1
如果你找到谁，就把他请来。	1
一个朋友的孩子，我听说不会找到工作。	0
这次的活动是卖公益的，大家积极支持一下。	0
这篇论文我正在看。	1
吃它一个痛不痛快？	0
张三往黑板上写字。	1
他不敢做每件我敢的事。	0
他已经结婚三年了。	1
张三答应了在星期五以前玛丽一千块钱。	0
徐德明还在那儿抵赖说他们没有走私电器。	1
李奇又擦那种桌子了。	1
他以为全部学生，他喜欢。	0
我吃完饭就去。	1
我和她们都是妯娌。	1
这是我书包。	1
我应该到来大陆。	0
一只猫从不睡整天觉。	0
他们对社会的奉献持续了很多年；可是我们对社会的奉献很快就停了。	1
你比较喜欢买书不买书的人？	0
我应该怎么样做比较好？	1
我去，或者你来。	1
阿林想吃它一个过瘾。	1
一位青年作家就很勇敢，他在无人吹喇叭抬轿子的情况下，孤身一人去高等学府签名售书，一看购销不旺他便改为签名赠书。	1
你建议他会怎么样处理那件事情？	1
这个人很婆妈。	1
阿奇还在吃父母，他弟弟也在吃父母。	0
张三自杀自己。	0
张三不希望李四会喜欢音乐；我希望李四会。	1
他们革他们的新，我们复我们的古。	1
下班了！	1
他打破一个花瓶。	1
阿奇用毛笔写，丽丽用什么写？	1
你开开心心的。	1
我想看本书。	1
东尼写给学生们每人三封信。	1
两个人吃十碗饭。	1
我把蓝天看见了。	0
我想等车子开了一万公里就去保养。	1
他知道答案。	1
他对经理成见很深。	1
他送一个男孩一本书；我送一支笔。	0
我们不顾生命危险的上山去。	0
你把橘子怎么样了？	1
玻璃还破着。	0
每个学生都喜欢书。	1
原先我的准备是多余的，每个孩子好像都是挺有经验，有备而来，一个个睡袋排开来，乱中有序，煞是好看。	1
那些作家压根儿没有避免描写性生活。	1
你想去，可是我不想。	1
李四念了三年一间大学。	0
她拿来并且去一碗汤。	0
他一个小时内腌了那些猪肉。	1
小刚没有责怪我给他增加了负担。	1
张三忘了一些书；李四也忘了一些书。	0
三个学生都来了。	1
三个人吃一碗饭。	1
张三买的饼干比玛丽吃的蛋糕多。	0
这件洋装穿起来很漂亮。	1
我不明白你对这个计划所有的意见。	0
你老老实实的。	1
约翰会说他喜欢他的老师，比尔也是。	1
他去学校拿东西。	1
我只坐小Ｄ的车子。	1
张三写的论文比李四写的论文多。	1
吃了一个风卷残云。	0
张三常常跳舞。	1
张三写上在黑板上字。	0
他修好那部车的方法。	1
是不是有什么人喜欢他？	1
害他现在只剩下两只铅笔可以用。	1
张三很希望李四会成功。	1
老王呢，先带过来给我看一下！	1
三个人吃一碗饭很好；一个人吃不好。	0
那只狐狸已经把我追得筋疲力尽了，可我还是追不上它。	0
你们一辈子的温饱是没有问题了的。	1
猪肉我吃了，蛇肉却我没吃。	0
露露睡了三天。	1
那个孩子冻病了。	1
我难看了。	0
那个家伙赤手空拳杀过老虎。	1
李四跪下来求张三。	1
他一向没有后悔年轻时抛下父母，远走他乡。	0
张三和李四两人都一样高。	1
他给了小孩儿一针。	1
老李和老王买了一顶红色和绿色的帽子。	0
他乐在心里。	1
无论谁无论什么都吃。	0
张三吃了李四一顿饭；我也吃了李四。	0
玛丽穿起这件洋装来很漂亮。	1
跟他们比起来，我实在太幸福了。	1
小明没有站起来。	1
老吴羞辱李四，可是我不知道是怎么样。	0
老张是山东人。	1
所以他不用当兵，因为他过重。	0
桌子被我看见了一条腿。	0
他拿来了一碗汤。	1
他听到了你叫谁修车的原因？	0
那些学者从来避免引用后现代主义理论。	0
张三买了一辆旧车，但我不知道是多大。	0
他关了厂里的总闸。	1
太以前了。	0
张三打得李四手都麻了。	1
李四被我们骂了。	1
我请过两次全部的学生。	0
满桌是书。	1
张三那本小说逼李四拿回家了。	0
他在房间里咳嗽。	1
杯子给打碎了。	1
可能那本书他已经买了。	1
高速公路上开着一辆BMW。	1
张三有罪。	1
他可辛苦了。	1
除了煮饭，李四或许还洗了碗。	1
病情有好转。	1
这就是那个我听说李四跳舞的舞伴。	0
我把他们打得手都肿了。	1
她的话说在心坎上。	1
橘子还是苹果都行。	1
每个人会都拿到奖品吗？	1
这个沙发软软的。	1
百分之五的学生有留学机会。	1
他缝缝补补那件衣裳，穿了很多年。	1
什么人不都来？	0
她哭红了眼睛。	1
第一年，博士生的不是人过的。	0
张三应该比李四或者比王五都还要高一些。	1
李四怀疑他偷了钱的那个人走了。	0
勤劳比勇敢更重要。	1
李四把我吓一跳。	1
肚子已经圆了。	1
狗张三比猫喜欢。	0
我和她们都是朋友。	1
花落上了。	0
张三出了国。	1
谁张三都认识。	1
广告贴到大门上。	1
老王呢，你先带过来给我看一下！	1
你什么时候念的大学。	1
肖像画贴到墙上。	1
他好像不吃什么东西的样子。	1
他们运工地上。	0
他以为他吃素。	1
这个球差点才没进。	0
你严厉的对那件事的批评很到位。	0
我吃豪华饭店吃得很累。	0
阿贵经常缝补衣服。	1
中午饭他吃了一半。	1
文章，他写得很整齐。	0
露露买了花。	1
他因为朋友损失很多钱。	1
这条鱼有三斤。	1
那个小孩，我又被骗了。	0
望远镜看室外很好；显微镜看不好。	0
小王第一个跳的。	1
他给两个人糖果，我就给两个人糖果。	0
咱们就在这儿休息它个几分钟吧。	1
这朵花张三闻起来很仔细。	0
所有的学生都为什么打李四？	0
张三把电视没弄坏。	0
世界记录，他差点没打破。	0
他是一个不能写的人。	0
小丽有一张红红的脸。	1
刘麻子被结结实实地捆了他一下午。	0
他能吃每道我不能的菜。	0
张三跑到大街上。	1
那个人找到的两本书。	1
张三买了第三本书。	1
小狗给赶出去了。	1
约翰会说他的老师喜欢他，比尔也是。	1
他送一个男孩一本书；我送一个女孩一本书。	1
他不买什么？	1
小明站不起来。	1
李四一回打在了对手的脸上。	0
他都买了所有的东西。	1
他挥一拳。	1
他把橘子剥了皮。	1
这根绳子很短了。	1
我撞断了牙齿。	1
请回家吧。	1
很少人为什么辞职？	0
张三今天比李四昨天更开心。	1
我上星期吃了那种面三次。	1
不论谁喜不喜欢他都和我无关。	1
她在一小时内走路。	0
王五很聪明地回答了记者的问题。	1
李四被玛丽激怒了。	1
你卖书修表？	1
姐姐，把全是油腻的脏得不得了的衣服洗干净了。	1
一位穿红衬衫的服务员会唱歌。	1
你会离不离开台湾？	0
他家有三种这只狗。	0
小王笑弯了腰。	1
我是去过北京。	1
他昨天来的。	1
他是一个快乐的孩子。	1
伦敦大了。找一个小一点的城市！	1
舞龙阵回入广福宫内。	0
什么？夹住的耗子愣给我跑了？你们怎么搞的嘛。	1
一个二次方程式都有两个不同的解。	1
哼着歌，我切了肉。	1
你是去教堂的人吗？	1
但实际上唐末以来所流行的禅宗是由唐中期的被称为六祖的慧能创立的。	1
这本书呢，你先别看。	1
他们写的哪封信我都看。	1
一个小孩正以火箭般的速度飞快地跑着。	1
虽然即使他生病了，他仍然去上班。	0
这种药吃死了John。	1
张三跑了得很快。	0
李四设法他来。	0
我错过了这班飞机。	1
约翰骑马比玛丽赶羊骑，赶得好。	0
约翰不喜欢玛丽，比尔也是。	1
他没说什么。	1
每个人，我认为都会去。	1
张三唱歌的声音比李四哭的还难听。	1
上有亲友相助他们。	0
他哭湿了手帕。	1
一只大象鼻子很长。	1
谁都可以来。	1
我不认为那个男生很有趣。	1
小诗抬头看着她在场的三个哥哥。	1
张三比李四高。	1
那瓶酒喝醉了约翰。	0
他的作业终于给写完了，终于是松了一口气啊。	0
张三摇了几下桌子。	1
快把桌子擦擦。	1
张三给了我他的钥匙。	1
张三经常的比偶尔的更关心他。	0
我今年去的三次北京。	0
张三应不应该告诉李四谁会来？	1
张三借了三本书这一种。	0
张三去了一趟医院。	1
张三兴奋地跳上了舞台。	1
张三打了好几次他。	0
张三侮辱李四会哭。	0
他很写疼了手指。	0
张三考完试了，但我不知道是怎么样。	0
你吃得很痛快。	1
约翰吓病了玛丽。	1
图画被王五很精确地刻在铜板上。	1
张三有三只这一种狗。	0
差不多行了啊，回头留神再把狼给招来。	1
他跑得人很累。	1
他不能来的原因我知道了；你不能来的呢？	1
那段路走得我呀累死了。	1
这次台风，北部地区已经淹水了，晚点南部地区或许还会停电。	1
张三说他来了。	1
我学过三个月的太极拳。	1
老个几岁不是很重要。	1
她读了三本这五本书。	0
电视机您给修一修。	1
我把那只狐狸追累了。	0
我们已经抵达终点十分钟了。	1
头顶上是宽宽阔阔一片天。	1
是三个男孩喜欢书，不是两个男孩。	1
玛丽写工作报告的时候，张三到家了。	1
王师傅切猪肉要切大刀。	0
弟弟打破了碗。	1
张三打了李四，但我不知道是在哪里。	1
他早就来的。	1
萨科尼压根儿不否认他仍跟毒品贩子保持着联系。	1
我上星期吃了那家饭店三天。	1
小树50公分了。	0
张三去过台北三次，李四也去过台北三次。	1
我走乏了。	1
他累垮了士兵的身体。	1
他用拳揍。	0
你比较喜欢买书不买的人？	0
我吃完饭再走。	1
桌上放了一本书。	1
我老爸驾车根本没有留神，也不系安全带。	0
这里的果树吧，小王都剥过皮了吗？	0
老吴怎么样羞辱李四？	1
有机会接近群众使他非常高兴。	1
警察打杀了土匪。	0
李四没有做过半年工作。	0
张三、李四和王五三个人是同乡。	1
陨石落来。	0
三扇门被阿Q修了赵家。	0
这比那更重要。	1
把四年垃圾般的课本书籍全堆到在操场的角落里。	0
他高不高兴，我就高不高兴。	0
他不喜欢那本书，他喜欢这本。	1
谁会怎么睡？	0
他是一定会对你好。	0
张三非常把自己当一回事。	1
要是有一个人很有钱，我们就去找他资助。	1
小明爬着树摘水果。	1
他挑选了很多明年新出的玩具。	0
这是张三买的铅笔。	1
张三喝酒。	1
我吃过小Ｄ做的茵香豆，但没吃过吴妈做的茴香豆。	1
我想看你说每个人会带他回来的自己的朋友。	0
好人给坏人给骗了。	0
露露漂亮丽丽一点。	0
张三跑得很快。	1
他是一个快乐个孩子。	0
我在对面的小饭店里吃了饭。	1
钥匙，张三给我给得很快。	0
李四刚刚在洗碗，他现在还或许在洗。	0
张三拜见了他的同学，李四也是。	0
张三吃得很胖。	1
你可能去了另外一家7-11。	1
玛丽：张三做运动啊最喜欢什么运动呢？	0
妈妈把书放在桌上了。	1
王熙凤嫌他有点多余，后来就把贾宝玉给支走了。	1
张三需要一辆自行车。	1
他给每个人糖果，我就给每个人糖果。	1
玛丽：张三做运动最喜欢什么运动呢？	0
我会辞了行再动身。	1
李四轻轻地把桌子敲了一下。	1
小队长看到落下什么学习用品。	0
老王开了一辆BMW。	1
我想吃个苹果。	1
这把椅子坐不了。	1
张三比李四写了多论文。	0
你在什么时候来的时候？	0
张三会说张三的老师喜欢张三，李四也会说李四的老师喜欢张三。	1
敌军抵赖他们提出的停战要求。	0
李四把林伊打了他一下。	0
是不是什么人喜欢他？	1
林伊在把衣服包成一个大包。	1
脏水泼到马路上。	1
小王嘛，喜欢吃鱼吗？	1
他们根本不拒绝在笔录上签字。	1
张三承认李四为了某种原因作弊的事实，但我不知道是为什么。	1
饭吃完了。	1
这是用来盛汤的碗。	1
小芳和小梅都喜欢唱歌。	1
我是一个美国太太。	1
县城内密密麻麻的挂了近百家商行的牌子。	1
即使有两个人太懒，我们还是能做完这件事。	1
小孩被学坏了。	0
我和她是同学。	1
他们根本防止人口流动。	0
张三相当高了。	1
路边摊买晚上很好；百货公司卖不好。	0
张三掉了一些书；李四也掉了一些书。	1
一位小伙子为了拉煤竟给活活累死了。	1
你对那件事的严厉的批评很到位。	0
他把你害了。	1
我连一篇论文都看不完，更别提上台报告了。	1
这本书是我的。	1
这首小曲儿可能会长一点。	1
张三担心玛丽。	1
李奇在十分钟之内睡觉了。	1
阿奇昨天睡了那种沙发。	1
我没悄悄地回家。	1
张三的房间还好。	1
学生们都读完了这本书。	1
有百分之三的人都同时出来竞选，可能吗？	1
猪肉我吃了，蛇肉可是我没吃。	0
他家熄了一夜灯。	0
张三150公分高，李四比他高，王五还比李四高。	0
小明起来了。	1
吃完饭，我想看会电影。	1
到底他为什么连一本书都买不起？	0
那件事他给同意了，这样的话咱们的计划就泡汤了。	1
我在中山路上车的时候。	1
邓小平逝世的那个星家喻户晓。	0
我知道李四杀人的。	0
张三养了一条鱼。	1
这瓶酒呢，你先全喝了！	1
张三会拜见他的老师，李四也会。	1
她去学校不？	1
学校决定推迟会议。	1
一位读者要买《虾球传》，挑选了好一会，才找到一本稍为满意的。	1
给我，他做了很多事。	0
他一定会把你恨透的。	1
张三是什么时候到？	1
那张三，书最喜欢看什么呢？	0
王老师呢，把张平英写的论文反复地看了好几遍。	1
你书认为他看完了吗？	0
谁会都来？	0
英雄到国外死。	0
张三晚饭总是吃餐厅，只要早餐自己做。	0
我不是去过北京，我是去过上海。	1
我是坐汽车去找到你的狗的。	1
张三说李四打了他。	1
因为他不是，所以我一定得照顾他们。	0
张三有好几打的鸡蛋。	1
我喜欢红色的鞋，他喜欢黄色的。	1
老李眼镜打破了。	0
这条路我走起来不费力。	1
这个方式，他对待李四。	0
熊猫快绝种了。	1
我在中山路上车的。	1
他的秘密被我们发现了。	1
至少三个学生去了。	1
有百分之八十的人没去投票。	1
我有三本张三的书。	1
这双鞋有太小。	0
衣服被洗干净了。	1
她的话在心坎上说。	0
石头打在脑袋上。	1
被告因为贩毒会比因为抢劫而更有可能被判重刑。	0
那本书可能他已经买了。	1
张三比李四更还高。	0
他对工作认认真真，一丝不苟的。	1
我们把他谈论了小孩。	0
我坐小Ｄ的车子，不坐阿Ｑ的车子。	1
“李发”，李毛驴听到萧队长叫他的名字，楞住了。	1
这个球可以踢右脚。	0
淑芬把毛衣织长了一寸。	1
咱们去问它一个水落石出。	1
全部学生都喜欢书。	0
米饭吃到肚子里。	1
姓佟，家里边卖铜的，这人还挺大方，要个耳朵勺到那儿就给抓了一大把。	1
我请他他吃过饭。	0
自从李奇睡觉以来，屋外发生了很多事情。	1
我，上海，去过了，可是我天津还没去过。	0
张三正在把玻璃打碎。	0
他们唱得一连三天我都没心思看小说。	1
三个朋友吃饭多好。	1
来了客人。	1
张三担心李四会打他。	1
英国前三位首相都是高学历。	1
很多孩子拿了三到五颗糖。	1
因为张三买了一辆旧车，他的妈妈很生气，但我不知道是多旧。	1
你静静的。	0
老李在厨房里用刀子跟他们开罐头。	1
张三把电视把弄坏了。	0
小王嘛，班主任喜欢还是不喜欢？	1
张三忘了书；李四也忘了书。	0
张三呆在宿舍里。	1
这根绳子短了。但我不这么认为。	1
气球飘在半空中。	1
那就多谢了。	1
他来学校拿东西。	1
这盒草莓甜甜的。	1
张三数学比李四物理喜欢。	0
弟弟吃了饭。	1
如果你看了谁写有关他的报告，就告诉我。	1
你别在那儿哭穷，看你之前都把钱花到哪儿了。	1
请把货物在仓库里。	0
每个人都买了什么？	1
阿Ｑ—口气吃完了总重三斤的西瓜。	1
张三写满字在黑板上。	0
张三爱他的妻子。	1
课本放到桌子上。	1
没吃了。	0
学生们各笑了两分钟。	0
他们，奶奶生日呢，蛋糕买大了，还剩很多。	0
李四吃了三颗放在桌上的五颗橘子。	0
他们攻大楼里。	0
王五买了手枪很诡秘地。	0
阿Q给我烤了一块蛋糕。	1
张三弹了一天弹了一百遍。	0
今儿啊，楼底下卖大米，你姑妈啊说便宜，买了五十斤，非让我给扛上来！	1
张三投球总是瞄不准篮筐。	1
什么肉，大锅子没煮。	0
小王啊，班主任喜欢他还是不喜欢他？	1
听了这话，她心里比针扎的还难受。	1
他喜欢飞大飞机。	0
李四跌断了腿。	1
张三到底被李四打过没打过？	1
少数议员根本不抵制用土地换和平。	1
小张吃圆了肚子。	1
我是在中山路上的车。	1
你去比我去合适。	1
我是吃的鸡蛋。	1
他马上回去学校。	1
干社会主义我绝对拥护，坚决赞成的。	1
有三个学生来这了。	1
我在这住了不到五年。	1
丽丽写毛笔，他还会写更多毛笔。	0
李小姐，我逼改嫁了。	0
事情没这么简单。	1
这首歌把小S给唱哭了。	1
我给每个人都一本书。	0
你去，就我去。	1
他写这支毛笔。	0
他很忙，对于文件压根儿欠读一章一段。	0
音乐我很喜欢。	1
我因为张三给一个学生两本书很高兴。	1
他差点没及格。	1
这个女孩子身材窈窈窕窕的。	1
我叫他帮我买酒。他怎么给我买了烟？！	1
张学良一到鸡鸣山北极阁，军统特务便在这里层层设岗，把个偌大的北极阁给与世隔绝起来。	1
他住这儿吗？	1
他敢做哪一件我不能的事？	0
张三养了三种狗各三只。	0
这事真的假的，谁也不知道。	1
他不睡大床。	1
玛丽跑得显然很快。	0
你难道认识他不认识他？	0
我错过了坐这班飞机。	0
张三砍得骨头很累。	0
我和她是同事。	1
旅途的劳累使他很疲乏。	1
这件洋装，玛丽穿起来很麻烦。	1
日本人啊，真的努力工作吗？	1
凯特被送给了一件礼物。	0
第六个学生，我知道去过台北。	1
这是一张后面能写的纸。	1
他造了一间房子，可是没造好。	1
所有地方他都去过。	1
他的作业给写完了，他交上了，你交不上，又要挨骂了。	1
你今天高兴不高？	0
这个桌子大了一点儿。	1
他抬了。	0
玛丽个儿子考上了北大。	0
老实说，他幸亏大概又会很快地跑回家。	0
一个朋友的孩子不会找到工作。	0
科学家要是看到发生什么地质灾害，会马上汇报。。	1
阿Q一口气吃完了总重三斤的西瓜。	1
这种事，显然张三做起来很认真。	1
菜八块。	1
我把饭吃饱，就来。	1
要赢，就赢他个轰轰烈烈;要输，就输他个无怨无悔。	1
有一个人来了。	1
你抱著我可以使我暖和一点。	1
他会不会去？	1
除了一直在抱怨，她还或许哭了。	1
不可能有任何人得奖。	1
我吃豪华饭店吃得很高兴。	1
我想看你因为他不来很生气的。	0
露露高了我要的高度三公分。	0
阿Ｑ—口气吃完了三斤的西瓜，但没吃完四斤的西瓜。	1
我是一篇论文可以应付，两篇就不行了。	1
学生们各买了一本书。	1
敌人到城里攻。	0
阿Q为了什么喜欢花？	1
这场瘟疫把孩子给病死了。	0
你吃饭不？	1
大象鼻子很长。	1
这件事马上给办。	1
淑芬把坑挖浅了。	1
那种豆子一斤三十块钱。	1
你喜欢张三讨厌张三？	1
从那个镜子，我可以看到五个我。	1
把自己打扮得漂漂亮亮的，性性感感的，在喷上几块钱就能买到的香水，喷洒在身上这样一来就能吸引帅哥们天生就好色的眼睛。	0
今天星期天。	1
他们压根儿不责怪我匆忙地作出了离婚的决定。	1
小车比大车容易开。	1
阿Q给你写了一封信。	1
她上次怎么样炖牛肉？	0
一篇论文，我还可以应付。两篇，那就太多了。	1
张三被李四打了。	1
小明住在学校里。	1
他不是跑得很快。	0
阿德看到蓉蓉跌倒了。	1
这是张三的书。	1
明会喜欢你给他的礼物。韩也会。	1
有小部分的人没去投票。	1
一个二次方程式总是有两个不同的解。	1
一个小孩正飞快地跑着。	1
狗已经总是听他主人的吆喝了。	0
有没有谁想吃苹果的。	1
阿姨洗干净了衣服。	1
一位匹茨堡的四肢瘫痪病人必须用脑电波玩电子游戏。	1
张三的脸稍微红红的。	0
一个学生那时候在学校。	0
我不知道张三喜欢谁。	1
科学家怀疑黄曲霉素是人类有关疾病的病因。	0
面包方了。	0
水果，我最喜欢不怕吃香蕉的人。	0
你认识他呢？	1
约翰扭干了毛巾。	1
我们玩它个痛快。	1
开着空调睡觉。	1
老吴羞辱李四，可是我不知道是怎么样羞辱。	1
儿子被逮捕了。	1
他们往工地上运。	0
张三太高。	1
除了吃了饼干，喝了茶，小英还吃了巧克力。	1
他是个聪明人。	1
我喜欢张三、李四那几个乖孩子。	1
张三看到某人，但是我不知道什么人。	0
来过的那些人都认识他。	1
李四因为累而早上床。	1
他被是谁骗了？	0
张三不高。	1
张三跟他们四个人一样高。	1
打死打伤其步兵三十余人。	1
她吃了三次面了，腻了，该换换了。	1
要是谁欺负你，我就帮你揍他。	1
玛丽把一片片树叶捡了起来。	1
我想找一个秘书兼打字员。	1
很多人，我猜不会去投票。	1
你快给参谋参谋。	1
他把马训练马训练得很好。	0
火车快吗？	1
跟张三比起来，李四很高。	1
走了吗？	1
他拿刀切肉。	1
狗很聪明。	1
我看着看着就迷糊了。	1
小张爸爸是个英雄。	1
李四讲得了很清楚。	0
李四高了张三两寸。	1
他以为所有学生都喜欢书。	1
吃，我是想吃。	1
好像要是谁不去说的话，张三就不去的样子。	0
他们会不会到底赢这场比赛？	0
他到学校去拿东西。	1
露露漂亮了丽丽很多。	0
左手可以绑红绳。	1
他喜欢什么？	1
那只狐狸把我都追累了，可我还是追不上它。	1
如果他为什么好运，你就会因为那个原因好运。	0
凉补夏天吃很好。	0
五公斤盐多了，我只要四公斤。	1
是了。	1
今天吃饺子？	1
早饭，我吃食堂。	1
这一仗打得是惊心动魄。	1
这件事把李四激怒。	1
张三有十二个的鸡蛋。	0
张三笑了起来。	1
张三和李四两人都合教一门课。	0
爸爸喝了三碗汤。	1
菜越来越贵了，但是我不清楚是多少钱。	1
我这篇论文看了。	1
老爷子压根儿注意门前那条臭水沟。	0
我很同情你的遭遇。	1
他画了一个圈圈，可是没画完。	1
她吃了三碗面了，没饱，还要再吃两碗。	1
十多个人都在外面等。	1
北京电影票价贵得很，100元一张，顶我在我们那个县城看两三场了行的。	0
水干干净净的。	1
我已经开计程车二十年了。	1
他们，我很喜欢。	0
他不打算跑那个公园。	1
谁买了那本字典。	1
物价纽约最贵。	0
你胖胖的。	1
张三呆家里。	1
那首歌唱得我哭了起来。	1
敌人攻在城里。	0
张三这本书应该看得完。	1
她端了一碗汤上来了。	1
潮水退上去了。	0
一队法国枪骑兵巡逻队在街角出现。	1
姐姐弟弟的衣服洗干净了。	1
爸爸躺沙发上。	1
姐姐把全是油腻的脏衣服洗干净了。	1
那本书，我把借给了李四了。	0
张教授这个学期教上午。	0
谁要买的书最贵？	1
明明就还没满，你还说太满。	1
穿红色衣服的那个孩子是我们的班长。	1
我买了十磅这包糖果。	0
我打过两次欺负孩子的坏蛋。	1
他跑得应该不太快。	1
你可以星期三把车子开回来。	1
这本书呢，写得一点儿也不深刻。	1
他养了半年。	0
有五个小孩吃不完十碗饭。	0
我想看你说张会带回来的。	0
你看了这些报，就会明白许多道理。	1
裁判看到有什么人中途退出。	1
如果他想吃什么，他会跟你说。	1
我回了家。	1
张三喜欢玛丽。	1
张三三本书看了两本。	1
我想讨论他来不来的问题。	1
张三给来了。	0
两个男人总是能胜过一个小孩。	1
汽车在原地退。	0
这棵树倒了。	1
我没过问他对这个案子所进行的。	0
三个学生很聪明。	1
我了解对艺术李安的贡献。	0
你怎么说，我怎么做。	1
恶耗传来使他非常震惊。	1
肖像画到墙上贴。	0
这件事做起来很容易。	1
有第三个学生考上清华大学。	0
这瓶酒嘛，你先全喝了！	1
墙上是我写的诗。	1
父亲劝儿子回家，但反而却遭儿子怒骂。	0
高速公路上开着一排宝马。	1
自申请的次年开始适用，到毕业的为止。	0
张三昨天在学校比李四今天在家里开心。	0
第两百七十个候选人。	1
第三个学生考上清华大学。	1
香港的山多么不高啊！	0
坏坏的使了个主意。	0
地震故意毁了那座桥。	0
哥哥搬了两箱书。	1
如果你认为他最喜欢小梅了。	0
奶茶甜了。	1
三个学生去过美国。	1
姐姐全是油腻的脏得不得了的衣服洗干净了。	0
你为什么说没有人辞职？	1
我饱着。	0
你看得懂看不懂这本书？	1
三磅的每一袋糖果都卖完了。	0
上个星期他已经来了。	1
大人一忙起来就很容易忽略要细嚼慢咽。	1
他平常都吃食堂。	1
你们一辈子的温饱是没有问题的了。	1
小王呢，我送了一本《红楼梦》。	1
同事们从来没有怀疑他的艰苦创业故事是记者编造的。	1
张三喜欢李四了。	1
我看到了十磅的这只狗。	0
玛丽被张三侮辱了。	1
这里的果树么，小王都剥过皮了吗？	0
我们明天召开会议。	1
六个学生去过台北。	1
雾和云都是水气凝结而成，只是云的底部不接触地面，而雾却是接触地面的。	1
他会不会不吃鱼？	1
张三想死个痛快。	1
张三跑得快。	1
他挑选了很多新出的玩具。	1
陨石落下来。	1
他们压根儿不差哭鼻子。	0
你们，谁为了什么会离开？	0
有三个保姆就照顾你一个小孩啊？	0
除了会跳舞，李四会还弹钢琴。	1
张三写着一封信。	1
他家有两种狗。	1
他踢了那条木板。	1
法庭把张三裁定有罪。	0
张三怕李四会打玛丽。	1
李四吃了三颗我放在桌上的每颗橘子。	0
我是吃的饭。	0
水被我浇了花。	0
张三没给电视给弄坏。	0
我明天回去买个什么东西送他的。	0
他跑了个累翻。	0
我等得他坐立不安。	0
张三同李四一样胖。	1
王五很诡秘地买了手枪。	1
他们到达了山顶。	1
阿林想吃它一个饱。	1
整个班级都为这出戏感到震惊，我也是。	1
这是大桌子。	1
我被他居然给喝了三瓶酒。	0
他们都很紧地抱着球。	1
虽然张三比李四高，但他们两个都不高。	1
这个球故意踢右脚。	0
张三和李四是同乡。	1
露露高了它三公分。	1
张三比李四高两公分。	1
她做了母亲以后，变得很有母爱。	1
李四在皮球上扎了两针。	1
他们都和我一样高。	1
他根本后悔年轻时抛下父母，远走他乡。	0
张三及时躲起来。	1
两个男人在一起总是会吵架。	1
尽管他有时候也吃垃圾食品，他仍是我们的健康典范。	1
那个学生长发的物理来了。	0
你希望他怎么样处理那件事情？	1
你那三点对那件事的批评有些牵强。	0
坏蛋给消灭了。	1
露露高了。	1
张三在某个时间出事了，但是我不知道什么时候。	1
我讨厌这脏兮兮的一只狗。	0
阿Q可能要什么。	1
玛丽被侮辱了。	1
张三这个人爽爽快快的。	1
我劝他吃了这碗饭。	1
啤酒，六耀装的卖一百块钱。	1
工资给放到银行卡里了。	1
我把这件事考虑得很仔细。	1
他把了橘子剥皮。	0
边防机构已经从根本上制止了偷渡活动。	1
露露高出丽丽三公分。	1
李四送了这些老师给每人三本书。	0
张学良一到鸡鸣山北极阁，军统特务便在这里层层设岗，把偌大的北极阁与世隔绝起来。	1
李四感动了一个老师。	1
我想看你说张三会带他回来的。	0
你不能总呆到家里。	1
百年老树都是高高的，你爬不上去。	1
所有学生，他都喜欢。	1
你比过确实这两本书的价钱吗？	0
你把代表团长都挖苦走了。	1
我们掉头一看，一辆银色吉普车正从身后赶来。	1
这么高难度的吧比赛难免有什么人中途退出。	0
我是同学。	0
张三侮辱了李四。	1
保罗认为那首诗很优美，即使他不认识那位诗人。	1
绿茶喝小杯。	0
他被某个人杀了，但是我不知道是被哪一个人。	1
他合写一本书。	0
郁闷的心情喝醉了李四。	0
我明天是从费城去纽约。	1
运输队到厂里运。	0
张三跳舞的女孩很漂亮。	0
有的学者压根儿怀疑家庭存在的必要性。	0
肚子圆完了。	0
时间急急的。	0
我告诉他火车会开。	1
张三好像不去的样子。	1
那里有一条大的鱼。	1
张三的脸有点红红的。	1
她吃了三碗面。	1
明是学生。	0
他静静的。	0
李奇给花浇了水。	1
张三昨天需要李四今天到他家。	0
胡斐都没来。	1
我代数喜欢。	0
他洗衣服。	1
这只十磅的狗很健康。	1
他们会两个懒鬼来。	0
那瓶酒喝醉了我。	0
他们都是同学。	1
他从超市买了很多水果。	1
连玛丽，张三认为李四都不喜欢。	0
我请他他吃饭。	0
张三和李四他们两个，我听说很喜欢在一起。	1
什么人，张三应不应该告诉李四会来？	0
张三午饭在那个图书馆吃。	1
凯特被送了一件礼物。	0
她到北京会给我打电话。	1
今儿是礼拜。	0
张三这本书可以带回家。	1
她吃了三次面。	1
这个这个彩色的电视机，我是有一个九寸的。	0
张三稍微高一点。	1
两个人切一把刀很好；三个人切不好。	0
谁都来了。	0
一个男生考得好，得意洋洋地盯着卷子左看右看。	1
阿Ｑ见硕士生先见了第一年的。	0
张三到底买了这本书还是那本书？	1
他不修车的原因是最近手头有点紧。	1
阿Q喝了小D三瓶赵家的酒。	1
他在一个钟头内看那本书。	0
法庭裁定张三有罪。	1
他不是很漂亮。	1
这一回可给他爸爸给他给给他骂哭了。	0
红红的很好看。	1
她笑得站不起来。	1
那些作家根本没有避免描写性生活。	1
好人给骗了。	0
张三比李四高不少。	1
张三被他没卖了。	0
他从来没有拒绝过记者的上门采访。	1
你认为他老实。	1
他显然骑马骑得很累。	1
李四被张三打了他一下。	0
张三想买三只两种狗。	0
那间房子的屋顶上插着旗子。	1
张三昨天再给李四两百块。	0
张三代数喜欢，李四几何喜欢。	0
小明参加了棒球队。	1
张三怎么修车？	1
下雨了。	1
他几乎写了一封信。	0
医生说他患了严重的病症。	1
张三故意被李四打了。	1
杯子没摔碎。	1
那个球队是张三的。	1
那位戴眼镜儿的先生是谁？	1
他们，那灌溉工程呢，沟挖浅了，还得继续挖。	0
岂知我一时侥幸，误打误撞的竟给治好了。	1
我和她是姊妹。	1
他写的纸就是这种纸。	1
他们没常常都去。	0
广告往大门上贴。	1
早上切这把刀很好，晚上切不好。	0
张三呆到宿舍里。	0
这件洋装看起来很好看。	1
这张桌子的长度比那个书架的高度多一些。	0
我是作业写完了报告还没。	1
他们一向就没有差哭鼻子了。	0
“李发”，李毛驴听到萧队长叫他的名字，给楞住了。	0
我昨天写了一个笔画很多的大字，可是没写完。	1
他把门帘掀开了。	1
吃它一个爽口。	0
你写封信跟他道个歉吧。	1
张三杀死了一头牛。	1
这种小事自然被上头不重视。	1
那张三，书啊最喜欢看什么呢？	0
张三把李四怕会打玛丽。	0
你想不想吃什么？	1
这件洋装看来很漂亮。	1
孔明哭周瑜。	1
张三对陌生人客客气气的。	1
张三对李四的严厉的批评一针见血。	0
犯罪者必被所擒。	0
垃圾往楼底下扔。	1
奶奶买了三磅的肉。	1
我要他去买件衬衣，他却心不在焉，把条裤子给买来了。	1
我以为你看到什么。	1
我喜欢张三他三个。	0
既说愿相助小李。	0
李四的法文不怎么样，他还总是得查字典。	1
我6号才来了。	1
他不能做每件我能的事。	0
我代数比几何爱。	0
张三喝第三杯啤酒了。	1
她走进一个球场了。	1
张三很怕玛丽。	1
约翰喝醉了那瓶酒。	0
很多蔬菜，他生着吃过。	1
无论谁，要是不用敬虔的心吃主的饼，和主的杯，他就冒犯了主的身体和血。	0
你看，那个日本军官比比划划地，是在讲日本话吗？	1
他来美国有两年了。	1
他弄破了花瓶。	1
我奶奶住到楼上。	1
我没跑远，本来想去我姨妈家的，走了一段路，心里害怕又回来了，加了衣服一直在小花园坐到天亮。	1
他家有三种这瓶酒。	0
赵雯水都没有喝一口。	1
你应该把他为什么不来的告诉我们。	0
张三看到某人，但是我不知道谁。	0
张三出事了，但是我不知道什么时候。	1
他出去买东西了。	1
我喜欢这绿油油的一片草地。	1
张三吃了苹果，李四香蕉。	0
他唱歌。	1
如果说他们都是作家，仍有重视文学而轻视历史的嫌疑，那么那位从来没有写过文学作品而恰恰写过《历史哲学》的黑格尔应该是持论公平的了。	1
把我这本书看得眼睛都累了。	0
你的那个朋友们不爱干净。	0
张三使玛丽很愤怒。	1
她的妈妈相信孩子吃了什么东西。	0
把他们，我打得手都肿了。	0
他跑累了。	1
张三在某个地方出事了，但是我不知道是在哪里。	1
有很多学生，我猜都不会去投票。	1
他研究东北的沦陷，我研究北平的。	1
张三被李四怀疑偷了钱。	1
这老头子心脏病犯了，这要死，跟街道上说好说赖说，弄破三轮儿给拉那儿去了。	0
露露高出我要的高度三公分。	0
他显然得再去一趟。	1
他虽然很忙，但是对于文件从来没有欠读一章一段。	1
他看书看了应该十个小时。	1
阿Q为了什么拆掉墙壁？	1
她很写疼了手指。	0
我闻到了露露幸亏煮饭的味道。	0
你怎么唱民歌？	1
张三和李四，我很喜欢这两个人。	1
漂亮的姑娘这种稀缺资源现在很难找到了。	0
牛肉，大锅子煮很好。	1
我奶奶住在楼上。	1
玛丽喜欢李四。	1
张三看到五个小孩。	1
张三不喜欢李四，但王五是。	0
张三给小红挑了一桶干干净净水。	0
张三很担心玛丽。	1
一个结了婚的女人可能会想生小孩。	1
这些都是古代人民留给我们的珍贵遗产。	1
李四被张三担心会打王五。	0
他那三本有关语言学的书被我借走了。	1
美国当局曾怀疑飞碟是其他国家的秘密武器。	1
课本放在桌子上。	1
除了饼干，她还或许吃了巧克力。	1
张三到底为什么请你去吃饭？	1
他不能来的原因我知道了；你不能来的原因呢？	1
边防机构压根儿不能制止偷渡活动。	1
这盘菜香香的。	1
吃水果的时候，他只很少吃苹果，他一般会再吃点梨。	0
这件洋装看起来很贵。	1
他把那个餐厅拜访了。	0
是不是谁掉了钱了？	1
阿眉胖了。是在他同餐桌一个老飞行员的督促下胖的。	0
但珂赛特有六十万法郎这件事使姨妈很高兴。	1
我赏给他金银珠宝已经两次了。	1
我们听讲的同学们被赵先生的勃然一怒给他愣住了。	0
他送并且拿来了一碗汤。	0
我喜欢吃饺子。	1
这种事，张三做起来很认真。	1
有至少一百个人我知道没去投票。	1
他的身体累垮了。	1
这东西贵了。	1
他把我的书给拿走了几本。	1
他会追张小姐吗？张小姐，我不想追他。	0
他声音低低的。	1
他走进来我的房间。	0
他昨天飞经东京。	1
小王是黄头发的。	1
自行车停在院子里。	1
他把书包放下去。	1
那只狗，我看过。	1
除了煮饭，李四还或许洗了碗。	0
王五有三只这种狗。	1
这双筷子就是他吃的。	0
李四杀了那个坏蛋。	1
张三今天比李四认为王五昨天开心。	0
下来一个拄拐的一个腿有毛病的同志，结果我们售票员给扶下来了。	0
我想看它三本漫画和它四本杂志。	0
张三是喜欢李四。	1
对经理啊他呀成见很深。	0
孩子们高兴地冲向山顶。	1
气球落下了。	1
李四怕成龙。	1
我把那个消息知道了。	0
我想讨论他来不来的问题呢？	0
他还也不愿意买最贵的安全软体。	0
张三比李四写了一篇很长的论文。	1
张三喜欢游泳，王五也喜欢游泳，他们都是。	0
全部学生，他都喜欢。	1
他能不能不去美国？	1
他的作业已经给写完了，他交上了，你交不上，又要挨骂了。	1
这艘摩托艇已经被小心翼翼地开了许多年了。	1
笑是有益于健康的。	1
猫在院子里打架。	1
他送一个男孩一本书；我送一个女孩。	1
那些书，他都喜欢。	1
我叫他比李四叫我多做了三件事。	0
阿Q跑了三头牛。	0
我还病着。	1
因为太多的学生想进入会场，结果把西电礼堂的大门挤坏了。	1
李四砸了老王一拳头。	1
狗，张三比猫喜欢。	0
小河里流着清清的水。	1
东西藏好了。	1
李四没有做半年工作。	0
他在一个钟头内仔细地审问他们。	1
她五分钟内拿了一碗汤来。	0
他把李四害了他。	0
他们的计划不被人们所知。	1
奶奶生日呢，他们，蛋糕买大了。	0
他训练马训练得很好！	1
凉补吃夏天很好，热补吃不好。	0
上课了，上课铃马上就响了。	1
这是属于这个作家的三本书。	1
李四被激怒了。	1
玛丽的批评故意激怒李四。	0
你什么写完了？报告？	1
气球落到一半。	1
他看到一个人，但我不知道什么人。	1
他养了半年的兔子。	1
咱们玩它一次痛快。	1
你看看，一个学生那时候在学校。	0
杯子摔碎了。	1
张三会死一条鱼；李四也是。	0
那个爸爸是张三的。	0
他以为每个学生，他都喜欢。	1
他买花来我家里或去李四的宿舍。	0
他以为每个学生喜欢书。	0
他很妥当地好像解决了所有的问题。	0
我喝完了碗汤。	0
玛丽说英文说起来很流利。	1
他或者不值得她爱，但是她却爱他。	0
学生认识他。	1
张三往宿舍里呆。	0
他擅长蝶泳，还是个不错的橄榄球后卫。	1
张三买了一辆车，但我不知道多大。	1
虽然张三比李四还高三公分，但他们两个都不高。	1
孩子唱歌。	1
他们压根儿不拒绝在笔录上签字。	1
钱包丢掉了。	1
张三死过。	0
这条河不能开摩托艇。	1
你们明天从南站出发不从？	0
我明年要去了美国。	0
你们可别病在路上。	1
丽丽上午跳芭蕾，下午跳国标。	1
淑芬把字写大了。	1
这张床睡你的客人很好；那张床睡不好。	0
他躺着。	1
米饭煮糊了。	1
他很骄傲，但我不知道是多么骄傲。	1
约翰打破了玻璃。	1
你说他会怎么样做？	1
他可能那本书已经买了。	0
他们根本无法防止人口流动。	1
你的客人睡那张床很好；我的客人睡不好。	0
没吃了饭了。	0
李四把杯子拿给玛丽。	1
张三不今天来。	0
浑身是土。	1
那盆衣服洗累了姐姐。	0
我们台北往了。	0
你会考上大学的。	1
最后这口啤酒终于醉倒的人是张三。	0
这是张三的三支铅笔。	1
同学们，请看例句六。	1
语言学，我最喜欢。	1
这张桌子太宽了。	1
章伯钧压根儿否认存在什么“章罗联盟”。	0
有趣的那三本他的书被我买回家了。	0
张三有好几打鸡蛋。	1
我请他们三个吃饭。	1
把“南化”抹黑了，地委这几年抓工业的成绩也就给否定了。	1
他们谁都不来。	1
他见过某人的爸爸，但我不知道谁的。	0
他昨天挑选了很多新出的玩具。	1
张这么大了，张三还在吃父母，太不应该了。	0
姐姐把全是油腻的脏得不得了的衣服洗干净了。	1
张三被李四关在自己的家里。	0
这一日没上过钟酒。	0
张三又给李四两百块了。	1
李四很奇怪地把花瓶打破了。	1
眼睛给哭肿了。	1
你没乖乖的。	1
最后走的那几个同学小心落下什么学习用品。	1
对这件事故校长责任很大。	0
他突然刚才转回来骂小李。	0
小王啊，喜欢吃鱼吗？	1
胡教授这个学期教时间。	0
我有六本书。	1
前六个学生，我知道去过台北。	1
张三是昨天来的。	1
我不敢这件事。	0
你什么写完了？报告吗？	1
小狗给扔到山里了。	1
张三那本小说说李四读完了。	0
他居然杀了人。	1
我昨天买了一本书。	1
玛丽：那张三做运动啊最喜欢什么运动呢？	0
他们两个懒鬼会来。	1
一块玻璃碎掉了。	1
阿Q在哭。	1
三个学生，我想是不够的。	1
他不去学校不？	0
石头在脑袋上打。	0
他没写什么书。	1
我老爸驾车压根儿不留神，也没有系安全带。	0
小王是头发。	0
他很好看吧。	1
你这一路上，翻山越岭，火车汽车的，中间还有一段沙漠。	1
参加比赛的有北京队和山东队。	1
露露比丽丽漂亮很多。	1
你把那本书借给我不把？	0
能写的就写吧。	1
这本书嘛，写得一点儿也不深刻。	1
你会为什么离开台湾？	0
张三决定要休学，但是我不知道为什么。	1
张三在黑板上写上字。	1
张三被李四打了他。	0
跳动的灯火使我的眼睛酸痛。	1
张三需要吸血鬼咬他。	1
我和她们都是同事。	1
有谁想吃苹果吗？	1
这个官员贪贪的。	1
我恐怕他。	0
什么人，我都不相信。	1
张三骑马骑得很累。	1
如果一个人中了彩票，他会变得很富有。	1
昨天我跟他说的话他给说出去了。	1
我很舒服。	1
他一向没有否认自己进军情五处之前当过间谍。	1
他在上海出生。	1
他们昨天来了客人；我们也来了。	0
张三翻译了一部小说。	1
轻度烧烫伤比严重烧伤幸运多了。	1
老王白色搪瓷杯子打破了。	1
他大鼻子。	1
张三来不来，李四就留下来呢？	0
阿Q无论什么都不喜欢。	1
五十岁啦，王老师么。	0
她把水泼在院子里。	1
张三高李四两公分。	1
这件事跟没有关系的那个人走了。	0
所有狗都有一条尾巴。	0
她的妈妈怀疑孩子吃了什么东西。	1
如果你认为这根绳子短了，请告诉我。	1
他没有回了家。	0
你总算看透了你自己了！	1
张三可以还走路。	0
每个人李四都认识。	1
啤酒，六罐的卖一百块钱。	1
我因为每个人决定去看他很高兴。	0
他们打得那个陌生人乱跳。	1
是张三明天到纽约去，不是后天。	0
李四把桌子轻轻地敲了一下。	1
上个月，我用这把刀砍伤了一头狼，差点儿就砍死了，可惜给逃走了。	1
小王啊，班主任喜欢他还是不喜欢？	1
张三喜欢游泳，我也是。	1
什么人常常都来？	0
张三比李四有点高。	0
约翰喜欢玛丽，比尔也是。	1
人人都应该遵守交通规则。	1
上个星期他来了。	1
他念着书，兼做着事。	0
让儿子出国留学的她提出来的想法受到了父亲的赞同。	0
乘务员留神有什么东西掉下来。	1
我的椅子的高度超过你的桌子的宽度。	1
除了会跳舞，李四还会弹钢琴。	1
这封信被东尼写给了凯特。	0
你去帮他得了。	1
他们要雇佣研究某个语言的语言学家不太可能。	0
张三高出。	0
你作业写完了吗？	1
张三被我通知李四把赞美的书都买走了。	0
妈妈的手起了层鳞，叫她给搓搓背顶解痒痒了。可是我不敢常劳动她，她的手是已经洗粗了的。	0
我看过很多遍的他的那一本书绝版了。	0
露露认为这根绳子短了。	1
这个宴会李四好像认识很多人。	1
那本小说，我哥哥麻烦得我没心思看。	0
婴儿给吃饱了。	0
张三需要明天一辆自行车。	0
昨天我差点没找你去。	1
张三昨天上午仍可能赢了那场比赛。	0
我对爱因斯坦们每个都很敬重。	0
李四感动了吸血鬼。	1
大锅子煮牛肉；小锅子煮鸡肉。	1
他们吃面都跟我无关。	1
她走得非常早。	1
我想知道谁买的狗可爱。	1
在他们眼里，没有比做演艺明星更能名利双收，出人头地的了知。	0
我刚才看了一下今天报纸。	1
他进步了。	1
我吃面吃得很累。	1
这是只硕硕大大的老鼠。	0
丽丽要写支毛笔。	0
难道有人喜欢李四吗？	1
学生们每人买了一本书。	1
东尼写了一封信。	1
这个班，很多人上课打瞌睡，很少人还交作业。	0
月亮升上来了。	1
我最喜欢露露了。	1
我上星期吃了三天面。	1
张三只是偶尔去参加讨论会。	1
玛丽被感动了。	1
他不想吃什么。	1
他合教一门课。	0
买花我要送给他。	0
他批评你的分析很到位。	1
他的那三本有趣的书被我买回家了。	1
他听到了你为什么叫谁修车的原因？	0
我昨天可能答应了你。	1
李四一定不幸要留在学校工作，不能回家。	0
他一把眼泪，一把鼻涕，好伤心的样子。	1
张三在某个地方出事了，但是我不知道在哪里。	1
小王啊，喜欢不喜欢吃米饭？	1
所谓的玛丽的对局势的密切的关心有些多余。	1
他明天挑选了很多新出的玩具。	0
发生了意外的那些人。	1
会了。	1
张三是昨天死了。	1
妈妈把水果给扔掉了。	1
王胡喝高粱喝了两瓶装的。	0
张三真心的比真诚的更关心你。	0
王五给了歹徒几刀。	1
大白天的，有什么可怕的？	1
张三闻起这些花来很香。	0
张三连玛丽都认为李四很喜欢。	0
花有红。	0
菜苗全部烧死了，连钻出地面的蚯蚓也给毒死了。	1
会不会很少人去？	1
边防机构压根儿制止偷渡活动。	0
他给走远了。	0
妈妈把米饭煮糊了。	1
他研究东北的方言，我研究北京的。	1
西瓜，阿Ｑ—口气吃完了三斤。	1
我上星期吃了三次面。	1
你是个典型的知识型妇女，你有自己的头脑，对事物有自己的看法。而我也是。	1
他咳房间里。	0
两个大人不如他们的三个小孩有力量。	1
姐姐呀，把全是油腻的脏衣服洗干净了。	1
有三只这两种狗被抓了起来。	0
老李吃得它个心满意足。	0
下了班我要去接孩子。	1
老爷子一向不注意门前那条臭水沟。	1
那没意思。	1
李四使林伊吃饱了。	0
他在学校是碰见了张三。	1
你想知道谁买了什么。	1
你对这个计划所有的意见很深刻。	0
小张什么电视都喜欢看。	1
玛丽突然离开故意激怒李四。	1
阿Q不会为了什么离开？	1
他谈论什么的书最有趣？	0
连玛丽张三都讨厌。	0
张三明天会再来。	1
我们听讲的同学们被赵先生的勃然一怒送愣住了。	0
他是很英勇。	1
李四三天没吃饭了。	1
是不是最多两个人想去？	1
这个问题给解决了。	1
我送两个礼物给至少两个朋友。	0
他拒绝做些什么来补救。	1
他在心里乐，嘴上不说。	1
张三摸了一下封皮。	1
小芳和小梅一样高。	1
我们每人啊，买了两本书。	1
老爷子根本没有注意门前那条臭水沟。	1
小王嘛，喜欢吃哪种鱼？	1
任何人的存在都被阿Q忽视。	1
如果胡斐来，我就留下来。	1
东西他们买太贵了。	0
张三买了三本书，李四买了五本书。	1
李逵累哭了。	1
她们都和我是妯娌。	0
小明不后悔参加了棒球队。	1
他告诉了人们这个消息。	1
连看，我相信他都没看。	0
张三所贪的污很多。	0
我昨天可能答应你，今天还可以考虑，明天，就不可能了。	1
他家有两只各两种狗。	0
这件事累病的人。	0
客厅和餐厅各应该铺什么样的款式和颜色的地砖？	1
你把不把那本书借给我？	1
东尼写给学生们各三封信。	0
杯子差点没摔碎。	1
肖像画在墙上贴。	0
没有人是不是希望他来？	0
李四想胖了三公斤。	0
圣陶谈到他作小说的态度，常喜欢说：我只是如实地写。	1
张三昨天再来了。	0
张三用刀子扎了他一下。	1
他的第三个学生很聪明，李四的第三个不太聪明。	0
西瓜，阿Ｑ—口气吃完了三斤的，但没吃完四斤的。	0
他在一个钟头内看了那本书。	1
小王啊，是上海人。	1
如果他最喜欢小梅。	1
他们一向就差哭鼻子了。	0
还有许多洞穴没有被我们发现。	1
大臣过于尊显会使君主卑微。	1
张三是常常不来办公室。	0
他喝了我三瓶酒。	1
你想知道我为什么买什么？	0
智慧高的人读起书来比较轻松。	1
他们昨天来了一个客人；我们也来了一个客人。	1
张三认为李四连玛丽都很喜欢。	1
很少人会不会去？	0
他不能做我敢的事。	1
你应该把他为什么不来的原因告诉我们。	1
你吃的在哪？	0
小王吧，喜欢吃鱼吗？	0
他用炮放。	0
来它个自国外。	0
他们今天很高兴，晚饭就吃了两家餐厅。	0
这个东西很容易着火，火烧肯定不行。	1
他敢做每一件我不干的事。	0
你最近对他的行为恐怕会被外人所耻笑。	1
一个女人结了婚，可能会想生小孩。	1
他们破坏哪个城市。	0
是上海人，一个人。	0
警察记录闹出什么命案来了。	0
老王，把白色的他女儿给他买的专门用来喝咖啡的搪瓷杯子打破了。	0
他们，奶奶生日呢，蛋糕买大了。	0
抓住了一个小偷，一个警察。	0
我去找什么人来帮你。	1
张三，书最喜欢看什么呢？	0
小王是黄头发。	1
张三喜欢游泳，我也是喜欢游泳。	1
约翰追累了李。	0
他是被张三骗了。	1
这件事，我敢，他不敢。	1
老板强迫工人们星期日也不休息，日夜加班。	1
是两个人躺在地上。	0
他昨天没来。	1
化妆品买贵了的那些顾客。	1
你在学校有没有看过狗？	1
比李四张三更高。	1
麦克先打了他的儿子，金娜才打的。	1
有百分之三十的人没去投票。	1
我看了刘翔在预赛和半决赛中的表现，他胜得是轻轻松松。	1
邓小平逝世的我昨天听到的消息很令我吃惊。	0
徐德明还在那儿抵赖他们没有走私过电器。	1
张三很喜欢玛丽。	1
我已经见过张三了。	1
张三离开了，但我不知道那为什么。	0
有了媳妇忘了娘。	1
我想画它三幅漫画。	1
张三比猫喜欢狗。	0
是小王第一个跳。	1
前三个人抬不动这架钢琴。	1
你猜他会怎么样做？	1
张三希望李四会喜欢音乐；我也希望李四也是。	0
他砸了那块肉。	1
他在一个钟头内把东西往屋里搬。	1
《红楼梦》呢，小王正在看。	0
张三公开地比私底下地更会说人坏话。	1
我听到了炒饭的声音。	1
张三激怒了李四。	1
他正写着信。	1
那犯人跑了。	1
大卫今天晚上睡睡袋。	1
张三给小红挑了一桶干干净净的水。	1
那灌溉工程呢，他们，沟挖浅了。	0
我有去吃饭。	1
阿吉写毛笔，丽丽写什么？	0
乘务员发现有什么东西掉下来。	1
小明后悔参加了棒球队。	1
窗户椭圆了。	0
这个意志力不坚定的士兵被敌人所惑。	1
小王吧，喜欢吃哪种鱼？	1
上个星期他已经来的。	0
胡斐很讨厌猫。	1
我吃完了那碗汤。	0
这五个学生每人应该每三本书。	0
他不敢做我敢的事。	1
我听说他呀根本是一个书呆子。	0
我很喜欢他兼张三。	0
张三对你比对我好。	1
这就是我听说他做恶的后果。	1
露露漂亮了一点。导演要找相貌平平的。	1
我哥哥唱得忘了时间。	1
是张三明天到纽约去。	0
张三放一本书在桌上。	1
英雄活心里。	0
我很怕一个老师，他们也很怕。	1
他是娶了美国太太。	1
小张慢慢熬了一锅汤。	1
他张小姐不喜欢。	0
你去，我就去。	1
每个人都会来。	1
老李是山东人。	1
那德国人不再睬他了，这使他很生气。	1
我没买花，没拿报纸回宿舍。	1
这个负心汉承认签过什么离婚协议。	1
我有一篇论文还在看。	1
我买了好几打鸡蛋。	1
六罐啤酒卖一百块钱，两瓶味酒则卖八十块钱。	1
我因为张三给一个男学生一本书很高兴。	1
你喜欢吗。	1
他自杀了三次。	1
这个人们来了。	0
他要玩一个够，我也要玩一个。	0
涛涛把悠悠唱忘了要说的话。	0
王五不高兴有一点儿。	0
火箭飞向天空到月球。	0
张三吓得李四直叫。	1
我昨天是来台北的。	0
她送并且拿来了一碗汤。	0
张先生意见那件事。	0
我和她们都是同乡。	1
张三在没有看见谁之前就爱上了？	0
每个学生都买一本书。	1
从纽约你可以把车子开回来。	0
张三疼得很厉害。	1
我把教练都追累了他自己了。	0
在他们眼里，没有比做演艺明星更能名利双收，出人头地了行的。	0
自行车到院子里停。	0
我明天会到你那里来。	1
我把书还给她了。	1
这艘摩托艇已经小心翼翼地开了许多年了。	1
我在找一本小说。	1
我喜欢你们这些乖孩子。	1
他在学校碰见了是张三。	0
张三把腿给打断了。	1
我把学生两个送回家了。	0
他吃土了。	1
那件衣服的价钱很贵。	1
张三的房间还干净。	1
他们为了赚钱会念电脑。	0
约翰喜欢什么？	1
小杯喝绿茶。	1
昨天，他写完了这封信。	1
张三很同意李四的看法。	1
他们不跑得很快。	0
小王啊，班主任喜欢不喜欢？	0
警察跟示威者发生冲突。	1
这五个学生应该各买三本书。	1
这本书啊，你先别看。	1
胡飞喝完了汤。	1
我听过小Ｄ唱歌的声音，却没听过王胡弹琴的声音。	1
你做什么都跟我无关。	1
约翰可能吃了什么。	1
张三跳起舞来了。	1
地震比水灾还可怕。	1
常常有学生不来。	1
李四讲英文得很清楚。	0
村里死了个王老五。	1
中国古代一向没有防止人口流动。	0
我弄断了张三的三支铅笔。	1
因为我知道他不会，我一定得照顾他们。	0
张三的房间还算好。	1
本书不好看。	1
小王周五下午画画。	1
张三借了三本书这种。	0
这件事跟他没有关系的那个人走了。	0
姐姐棉布的衣服洗干净了。	0
他们要雇佣会讲一口流利英文的人，但我不知道是多流利。	1
我拍老魏的马屁，夸得连他太太也不好意思了。	1
这根绳子太短。	1
我是姊妹。	0
我一本小说在找。	0
院子里一片漆黑。	1
中午饭他给吃了一半，我都没吃饱。	1
这把刀就是他切的刀。	0
他们那两个学生会来。	1
阿Q居然给我慢慢地擦地板。	1
我娶了他家一个闺女。	1
我昨天写了一封信。	1
你唱得特别好听。	1
你小心给我。	0
他居然喝了我们三瓶酒！	1
张三更高比李四。	0
张三的脸红红的。	1
他用针打。	0
林伊可能王五击出了一支全垒打。	0
张三拜见了他的老师，李四也拜见了。	0
汽车撞倒了房子。	1
看起来书卖得很好。	1
这个球差点没进，幸亏守门员接住了。	0
大多数人压根儿没有怀疑过家庭存在的必要性。	1
我一篇论文还在看。	1
一个人看过他的电影。	1
清晨，一个喝醉酒的司机撞倒少女后逃之夭夭。一个诗人是这起车祸的见证者因而被传到警察局。	1
他没有做起事来很用心。	0
你去帮他就得了。	1
这根绳子短了。	1
他对经理的成见很深。	1
我昨天写了一个字，可是没写完。	0
我把那只狐狸追得筋疲力尽。	1
有三瓶酒被他居然给我喝了。	0
能说又能写的能力很重要。	1
没有人会去？	1
我看到了十磅这只狗。	0
你认为李四为什么不看侦探小说？	1
到脸上笑，心里在骂。	0
你好了。	1
老它个几岁不是很重要。	1
一个女孩正在阳台上唱歌。	1
我在公园里找到的是你的狗。	1
李四一样高。	0
连穿他都要穿最好的。	1
张三给哭了。	0
这个西瓜皮厚了。	1
约翰会仔细地刷了牙，彼得也会。	0
那本书他可能已经买了。	1
这一回可被他爸爸给他给骂哭了。	1
玩它一个到天亮。	0
有一个人看过他的电影。	1
张三知道前三个人一定搬得动自己的钢琴。	1
我把一碗汤喝完了。	1
我抄了诗。	1
三只棍子够你打他吗？	1
太所谓了。	0
妹妹弄哭了。	0
显然这种事，张三做起来很认真。	1
连这本书我以为他都看了。	0
我妈妈前天去了姐姐家。	1
我连车子都坐小D的，其他就更不必说了。	1
李四给休息了。	0
张三箭射到靶子上。	1
这条路他走起来不费力。	1
他被歹徒下了毒手，不幸牺牲了。	1
张三给了一拳头老王。	0
他坏了。	0
他最怕被人不理解。	0
你想去，而且我也想去。	1
小王么，我送了一本《红楼梦》。	0
他们往大山里逃。	1
那三本有趣的书是我爷爷送给我的。	1
我不能在这里学习，我很喜欢笑，并且通常在下午笑。	0
我没过问他对这个案子所进行的调查。	1
我们办晚会需要十张的桌子。	1
张三昨天看见李四的。	1
李四没有卖鱼已经半年了。	1
我喜欢张三学生。	0
他们大鱼吃小鱼。	1
张三最好的朋友：不可能，他骑马啊，连坐在迷你马上都很紧张。	0
这个问题为谁解决了。	0
他什么都吃。	1
李四一下砍了下去。	1
他能不能只去美国？	1
这张照片清清楚楚的。	1
他切了你的菜刀。	0
张三跑得比飞机飞得快。	0
如果一个人很聪明但不用功，还是没有用。	1
连这本书我都以为他看了。	0
张三砸得呀，杯子都碎了。	0
小狗挠了桌腿一爪子。	1
这就是我喜欢他做恶的后果。	0
李四一斧子砍了下去。	1
他切了。	1
这次就差闹出什么命案来了。	1
我们把他的秘密发现了。	0
张三去过台北三次，李四也去过三次。	1
第一年的博士生常哭天喊地，第二年的博士生则如槁木死灰。	1
张三一样高。	0
这本书我看完的。	0
他敢做哪一件我不敢的事？	1
李四做工作已经经过三年了。	0
张三把玛丽怕。	0
大家都以为他很快乐，可是他说他一点也不。	1
谁喜欢什么？	0
两人以礼物相赠。	1
他喜欢吃大象肉。	1
清王朝的腐朽使他失望。	1
他养着一条鱼。	1
我最喜欢露露啦。	1
张三故意打了李四一下。	1
干社会主义我是绝对拥护，坚决赞成。	1
不可能张三已经走了。	0
她没买花来我家里或去李四的宿舍。	0
张三高出李四。	0
我以为每个人都决定去看他。	1
小树被长歪了。	0
这些歌玛丽都唱起来很好听。	0
你说张三什么学了五年？	0
把每个细节雕琢成艺术。	1
上学期，张三和李四他们几个人合教了一门课。	1
张三没给他给卖了。	0
老王的房间现在还是比我的干净。	1
上海，我去了好几次。	1
阿林跟莉莉玩了它一个痛快。	0
一位匹茨堡的四肢瘫痪病人可能能用脑电波玩电子游戏。	1
张三喜欢还是讨厌李四？	1
那一本我看过很多遍的他的书绝版了。	0
M4精准的火力表现出来了，几枪点射，探头的警察来不及后撤，被穿死在了箱子后面。	1
他小心翼翼地移向到男警察那边。	1
小明吃着爆米花看电影。	1
如果两张床睡得下三个人，我就请他们来。	1
父亲的死使她非常悲痛。	1
爆炸之后，墙上全是狗肉。	1
他们攻在大楼里。	0
县城内密密麻麻的挂有近百家商行的牌子。	1
他们往操场上演。	0
他走了我们。	0
这些书我都读完了。	1
小强们这三个懒骨头。	0
方老师周一和周二教课。	1
你什么写完了？	1
我今年去了三次北京。	1
没有人。	1
宫泽的妈妈否认她没有听说过这件事情。	0
谁吧买了《红楼梦》，谁吧买了《西游记》，谁吧买了《三国演义》？	0
墙上写有“肃静”两个大字。	1
小王吧，喜欢吃米饭还是面条？	1
他连看都没看。	1
学生们应该每人做几件好事。	1
你想去，但是我不想。	1
图书馆员走了，你可以大声地说话。	1
密雨下黑了天地。	0
这种鱼么，难道小朋友们都喜欢？	1
萨科尼根本不否认他仍跟毒品贩子保持着联系。	1
李四被喜欢去王五的家。	0
他有事的，不是偷懒。	1
是客人来了。	1
张三一个学生。	0
我赏过他已经两次金银珠宝。	0
他租着一栋公寓。	1
他对敌人的攻击很强硬。	1
妈妈把玩具扔了几个。	1
阿Q明天去上海，而可是黛玉下星期才去。	0
他在海上看见了一条船。	1
爸爸戴着眼镜看报纸。	1
他们根本没有拒绝在笔录上签字。	1
张三读了用英文写的一本李四昨天买的书。	0
张三煮米饭糊了。	1
我对三个他们特别好。	0
我把学生送回家了。	1
他浓浓的煮了一壶咖啡。	0
他们运在工地上。	0
丽丽在擦桌子，他还会擦更多桌子。	1
我想知道你喜欢是谁。	0
怎么样赢得的胜利才算是光明正大？	1
这一回可给他爸爸把他给给他骂哭了。	0
每个学生喜欢书。	0
这个烤箱可以开始烤肉。	0
露露太漂亮了一点。导演要找相貌平平的。	1
他回去学校拿东西。	1
他能去我不能的地方。	1
还有许多洞穴被我们没有发现。	0
吃，我是天天吃。	1
他显然会再去一趟。	1
露露高丽丽三公分。	1
她是演员。	1
他马上回学校去。	1
小车同大车一样容易开。	1
他用拳挥。	1
最多两个人会不会去？	0
露露高了蜜蜜三公分。	1
张三高过。	0
一队法国枪骑兵巡逻队出现。	1
阿Q给他们写了一封信。	1
张三经常地比偶尔地关心她。	0
他用什么写的书最有趣？	0
老魏抬了肩膀。	1
我抄了诗，就去找他。	1
他告诉得人们这个消息家喻户晓。	0
五碗饭，三个人吃了。	1
张三更在美国吃得开。	0
国王逊位使弗朗索瓦丝十分激动。	1
如果他会，我也就一定会把书看完。	1
同学和女友在宿舍门口相送。	0
今天我们在餐厅吃了三样肉。	1
张三喜欢他的老师，李四也是。	1
他知道出现什么意外情况。	1
阿Q明天去上海，而黛玉可是下星期才去。	1
让儿子出国留学的想法受到了父亲的赞同。	0
吃它个痛不痛快？	0
你们明天从不从南站出发？	1
经过千辛万苦，终于捕获了一只野猪。	1
李四遇见了吸血鬼。	1
谁买不买这本书？	0
张三高李四。	0
这双鞋太小了。	1
他们大概不会来。我们也是。	1
晚上卖路边摊很好；早上卖不好。	1
垃圾在楼底下扔。	1
这位爱国诗人或被所杀害。	0
他难道是昨天才出发的吗？	1
张三激怒了玛丽。	1
我喜欢狗。	1
张三发给了学生们各一套价值五百元的文具。	0
会不会没有人去？	1
露露高了丽丽很多。	1
邻居不来了。	1
衣服渐渐地洗累了姐姐。	0
我当时以为你可能去了另外一家7-11。	1
张三会说张三喜欢张三的老师，李四也会说李四喜欢张三的老师。	0
我有一物相赠。	1
是难道李四先逃走的吗？	0
阿Ｑ—口气吃完了一个三斤重的西瓜，但没吃完一个四斤的西瓜。	1
张三被李四怀疑过很多次。	1
连看，他都没看。	1
一种新型方法最近问世。	1
弟弟很快地吃了饭。	1
张三和李四，我都很喜欢这两个人。	0
他不能去，我能。	1
我明年去的北京。	0
他们吃过饭了。	1
听起来这个主意不错。	1
通常这种事，张三做起来很认真。	1
我吃豪华饭店吃了很多次。	0
她一发起脾气来颇为疯狂。	1
老师批评了这几个研究生。	1
我对三个小强们特别好。	0
张三买了一辆很快的车，但我不知道是多。	0
蓝天被我看见了。	0
这种事，张三显然做起来很认真。	1
你把长了三寸的绳子挑出来！	1
他怎么写的书最有趣？	0
她呢，生的那个孩子怎么这么丑啊！	1
老大说：天上云糊糊涂涂；下成雨清清楚楚；云变雨容容易易；雨变云困困难难。	1
张三养了三只一种狗。	0
聘“家教”者，也有个新趋势，以学电脑、英语者居多，还有学写作、钢琴、美术、摄影的。	0
我卖过一年的鱼。	1
李四没有把老虎打死。	1
连看我相信他都没看。	0
毛笔写家里；铅笔写学校。	0
因为李四不要，所以我一定要来。	0
他是医生。	1
张三唱小曲儿唱得特别好听。	1
她做母亲以前，就很有母爱。	1
刚来的教练跑得他们满身大汗。	0
啤酒，阿Ｑ—口气喝完了六罐。	1
不怕把他激怒。	1
张三喝了酒，也唱了歌。	1
什么人会都来？	0
他看到一个人，但我不知道是什么人。	1
小明骑自行车上学。	1
刚刚还李四在读书。	0
张三吼了几声。	1
想不到我十年来的努力，一下子全给毁了。	1
我对他们那些流浪汉没有印象。	1
阿Q—口气喝完了六罐啤酒。	1
他们根本不责怪我匆忙地作出了离婚的决定。	1
是不是他想去？	1
她写了两题数学。	0
告急信被迅速派人送到了省政府。	0
小王昨天晚上来的事儿。	0
我是投的赞成票。	1
他笑起来很大声。	1
三个学生，我以为吃了蛋糕。	0
他一定会对你好的。	1
有谁想吃苹果？	1
那些股民当时还可能卖了手中的股票。	1
一个日本军官比比划划地在讲日本话还是中国话？	1
张三会说他的老师喜欢他；李四也会。	1
张三会很聪明地大概安排事情。	0
快来看，两猫打架了。	1
秘密给暴露了。	1
来它一个自国外。	0
小王啊，喜欢吃哪种鱼？	1
小王吧，班主任喜欢他还是不喜欢？	0
看守不小心把犯人给跑了。	0
每个人很少都有意见。	0
买，他是买了什么书，不过不知道是多少钱的。	0
阿Q为了什么都应该离开。	0
我老爸驾车根本不留神，也没有系安全带。	1
他为什么也骂他？	1
他从西安回来了。	1
三个人常常都有意见。	1
有客从远方来。	1
鸡蛋，我买了三打。	1
她累垮了士兵的身体。	0
你喜欢是谁？	0
喜欢他的人看到谁？	0
你担心他会怎么样处理那件事情？	0
走吧。	1
张三控告李四，在法庭上李四的律师以尖锐的问题相接。	0
我太难看。	1
这不是你买得起买不起的问题，而是你想不想买的。	0
小鸟落树枝上。	1
谁写的书我都看。	1
他差点没打破了世界记录。	0
玩自己一个痛快。	0
老王是有经验的司机，他开老年人。	0
他在哪里拍的电影最好？	1
你相信他难道是老实人吗？	0
张三偷了李四项链。	1
他到学校来拿东西。	1
每个学生，他都喜欢。	1
打死和伤步兵三十余人。	0
张三更公开地批评你。	0
我的女朋友不一定要长得漂亮。	1
心脏病给犯了。	0
张三掉了书；李四也掉了书。	1
祁老人浑身颤抖，摸摸索索坐到在一把椅子里。	1
那件衣服价钱很贵。	1
这就是我所反对的他反对别人的办法。	0
李四被我认识了很久了。	0
一把刀切两个人。	1
有谁想不想吃苹果？	0
拿刀，我切了肉。	0
农田给毁坏了。	1
几公斤的，张三有一个小孩？	0
张三不希望李四会喜欢音乐；我希望李四是。	0
她胖了。	1
全部的东西他都喜欢。	1
如果你把字写小了，就擦掉。	1
李四砸了一拳头那张桌子。	0
火车快不快？	1
每个买了房子的人都需要修理屋顶。	1
那瓶酒喝得他醉了三天。	1
这件事的影响深深远远的。	0
每个人能都游泳吗？	0
李四在桌子上砸了一拳头。	1
人类用立法来抵消它的做法是不正当的，限制它的作用是任何时候都不被允许的，而要消灭它则是更不可能的。	1
张三年纪大了，很难入睡，睡觉要睡席梦思。	1
没买过书的人很少。	1
我没钓鱼，也没爬山。	1
张三喝了酒和果汁。	1
这里不允许堂吃。	1
他跑得很快。	1
他走进拿东西。	0
你建议他怎么样处理那件事情？	1
三只棍子都够你打他吗？	0
他聪明着。	1
我吃过广东的龙虎斗。	1
阿Ｑ连硕士生都见第一年的，博士生就更不必说了。	0
这就是如果他为什么生气我会不高兴的原因。	0
张三非常特别高。	0
我曾经以为这根绳子长了一点实际上不是。	1
你们，谁会怎么样睡？	0
徐德明还在那儿抵赖他们走私过电器之事。	0
天津下雨了。	1
妈妈把书放到桌上了。	1
王老师坚持写毛笔信。	1
我弟弟摔碎了一只花瓶。	1
难道连一个人都不买吗？	0
东尼送了凯特一件礼物。	1
小明打伤了人了。	0
书放在桌上，从来没人动过。	1
中央政府从来制止地方部门滥用权力。	0
不但能舒解压力，还或许还能更专心在工作上。	0
小刚把桌子碰歪了一点。	1
谁喜欢你呢？	1
他对这个道理很明白。	1
李奇写毛笔。	0
干社会主义我是一百个拥护，一千个赞成。	1
黑的黑，白的白，黑白分明。	1
张三醉红了他的眼睛。	0
是小王第一个跳的。	1
光樱桃，我就一下子买了十斤的。	1
李奇画了画。	1
学生们每人啊，应该送三本书给老师。	0
王五很妥当地回答了记者的问题。	1
李四不幸一定要留在学校工作，不能回家。	1
张三最好的朋友：他书啊武侠小说看得最多。	0
汤咸了。	1
一个女孩呱呱坠地。	1
可以你去，也可以他去。	1
往脸上笑，心里在骂。	0
少数议员根本没有抵制用土地换和平。	1
他把小猫爱的要死。	0
小明推开门。	1
是大白天，有什么可怕的？	1
吃它一个很痛快。	0
你想去，我却不想。	1
张三的成绩高高的。	0
这首歌把我听得一连哭了两个钟头。	1
便宜都被沾光了。	1
明明就是弯的，你还说太直。	1
这一套价值五百元的文具，张三发给了各。	0
我很怕一个老师；他们也很怕一个老师。	1
是不是张三来，李四就留下来呢？	1
张三买了一辆车，但我不知道他买了多新的车子。	1
这种天气我非常喜欢的。	1
张三买了一辆旧车，但我不知道多大。	1
露露漂亮了丽丽一点。	0
啤酒，阿Ｑ—口气喝完了六耀装的。	0
他辛苦了。	1
今年总统来自民主党。	1
张三见过这种狗。	1
海鸥太太的住所一下子就到了。	1
巴黎和会根本拒绝讨论中国的提案。	1
一个家具倒了下来。	1
我已经买单。	1
那些书我们都看过。	1
小芳跟小梅一样高。	1
那件事他给同意了，咱们的努力没有白费。	1
你在学校有没有看过那只狗？	1
我们来讨论他买书不的问题。	0
是每个男孩喜欢书，不是只有一部分男孩。	1
你认识他不认识他呢？	0
孩子把金鱼游得看不见了。	0
他拿来了一碗汤房间。	0
他会不会做起事来很用心？	1
对这件事张三有责任很大。	0
蛋糕，李四卖了三块。	1
几乎每个人都来了。	1
张三把枪口对准了敌人。	1
有三个李四去年遇见的五个学生。	0
是全部的男孩喜欢书，不是只有一部分男孩。	1
这碗粥给煮糊了。	1
张三不喜欢李四，但王五喜欢。	1
玩个开心。	1
张三要一份很详细的名单，但我不知道是多详细的。	1
你去帮他就算了。	1
张三是昨天买了这本书。	1
张三买书不买书？	1
他是去年生的女儿。	1
一辆马车赶到了，福尔摩斯推开百叶窗向外望去。	1
张三比李四。	0
他递给的是哥哥一壶酒。	0
是小王黄头发。	0
小红相信有什么人翻过抽屉。	1
她哭得很伤心。	1
我们一人啊，买了两本书。	1
我拿了一碗汤来。	1
他说你这样的做呀，还能促使你对他的学习，这么着，这么样儿学习能看一报纸了的。	0
接着到几位教授的研究室辞行。	1
这个班，很多人上课打瞌睡，还很少人交作业。	1
主到我这里来。	1
张三明年出国的计划不太现实。	1
李四被玛丽突然离开激怒了。	0
张三的衣服总是很脏。	1
张三到底被李四打过没有打过？	0
他洗干净衣服。	1
有人。	1
阿Q明天去上海，黛玉而下星期才去。	0
小鸭子游了泳。	1
他刚才突然转回来骂小李。	1
小美昨天生了第三个小孩。	1
他画过那面墙。	1
张三是帅。	1
张三会娶一位很有钱的女人。	1
这条裙子稍微短了。	1
你星期三可以把车子开回来。	1
北京电影票价贵得很，100元一张，顶我在我们那个县城看两三场的了知。	0
后来这女孩子，可能派出所把她，先带到派出所，然后就把她给送到家去了。	0
我哥哥告诉我不要看金庸的小说。	1
露露买出花。	0
要说结婚，你还是找韩劲那样的老实小伙子结婚好，一定会对你好一辈子的。	1
我喜欢什么。	1
学生们笑了。	1
张三怕李四会打他。	1
张三这一个人，我以为很多人都认识。	1
阿林一口气就买了它三件衬衫。	1
买，他是买了那本书，不过没仔细看。	1
我是一篇论文可以应付。	0
张三不喜欢李四，但王五是喜欢李四。	1
张三做起事来应该不太可靠。	1
米饭给吃完了，妈妈你快表扬我！	1
你们，谁会怎么样处理这件事？	0
约翰比玛丽高。	1
他准备完成论文。	1
一个化妆师演员化白了。	0
满桌有书。	0
张三有妹相伴他。	0
张三的房间还算可以。	1
连胡斐都没来。	1
他家有三瓶这种酒。	1
宫泽的妈妈否认她听说过这件事情。	1
张三大概书武侠小说看得最多。	0
我开二十年计程车了。	1
张三砍得刀都钝了。	1
狗今天特别听话。	1
张三喜欢写毛笔。	0
出太阳了。	1
他只认识张三的三个姐姐，还有一个他不认识。	1
他好像没吃什么的样子。	1
他给病了。	0
张三买了一栋房子，但是我不知道张三买房子的地点在哪里。	1
在学校，我看到一些学生。	1
飞行员已经启动了发动机。	1
我个问题不在这儿。	0
张三信得很坚定。	0
所有学生，他喜欢。	0
姐姐，把弟弟的衣服洗干净了。	0
我想画它个三幅漫画。	1
露露漂亮出丽丽很多。	0
两个男人在一起通常会吵架。	1
米饭全给吃完了，你让我吃什么！	1
很少人是不是希望他来？	0
我吃了三天那包水果。	0
她是中国人吗？	1
李四打破过一个杯子。	1
老根儿都不是北京人，老根儿都是东北人多。在旗的也是。	0
看到别人对此很习惯就使我更加敏感。	1
张三答应了给玛丽一千块钱。	1
看，台球这么打的。	1
他来到学校拿东西。	1
那件东西他看了看，又放回了原处。	1
中国古代从来不止人口流动。	0
你最喜欢她怎么样炖的牛肉？	0
张三在某个时间出事了，但是我不知道是什么时候。	1
他就是一大位老师。	0
张三最好的朋友：他书武侠小说看得最多。	0
他能去每个我不能的地方。	0
李四吃了三颗放在桌上的那五颗橘子。	0
学生们到达了。	1
李四把林伊吃饱了。	0
我们玩了个痛快。	1
敌人已经片甲不留了。	0
杯子放在桌上。	1
李四昨天才到。	1
李四没有卖鱼已经三年了。	0
那些狗都有一条尾巴。	1
他们搬院子里。	0
张三正在吃，但我不知道是什么。	0
最笑人的事我还没有讲呢。	1
淑芬睡了三天。	1
战争发生在战场上。	1
张三是喜欢上看电影的。	0
你有福，我可是掉了十斤肉。	1
我请他吃饭。	1
她的话到心坎上说。	0
虽然他生病了，可是他仍然去上班。	1
张三给了老王一拳头。	1
妹妹转身离开房间。	1
我想看你说每个人会带回来的自己的朋友。	0
张三看得书很烦。	0
李奇故意在院子里跑步。	1
张三写了一篇比李四写的论文长的论文。	0
学生们一人啊，应该送三本书给老师。	1
《红楼梦》么，小王正在看。	1
所谓的玛丽的对局势的密切关心有些多余。	0
张三在杀一头牛。	1
他有一只耳朵聋了，没有两只。	0
蜜蜜比露露高三公分。	1
他们到操场上演。	1
你不认为李四为什么看侦探小说？	0
给他们，阿Q写了一封信。	0
墙上挂了一幅画。	1
工资放到银行卡里了。	1
慢慢地，我切了肉。	0
昨天我们上课了。	1
媒体报道了那次事故。	1
她买的手表比你买的好看。	1
他来学校了。	1
他已经把三个孩子先带回去了。	1
他拿了一碗汤来。	1
是张三昨天看见的李四。	1
被鲁智深一拳就给打死了。	1
李四被担心。	0
我看了三遍《红楼梦》。	1
三个人去了。	1
我们给了他一张票；他们也给了他。	0
坑儿浅了。	1
工人们挖浅了的坑儿。	0
有三个人认识他。	1
连看他被车撞了因为他都没看。	0
借来的书已经被管理员放回书架上了。	1
他们跑得不快。	1
张三比李四胖。	1
你猜为什么他昨天没来？	1
夏天吃凉补很好，冬天吃不好。	1
我挺感激她的。	1
学生们这本书都读完了。	1
听了我的问话，他跳了起来。	1
大约10%的孩子拿了十多颗糖。	1
那本小说张三说李四读过它了。	1
露露高了蜜蜜。	0
张三最好的朋友：张三说法语还挺流利。	1
你这个孩子，书不念，专门淘气。	1
这件事，张三做起来通常很认真。	1
张三人。	0
帅呆了！	1
他不相信你这么唱过那首民歌。	1
最笑人的是李四竟然没带信用卡。	1
我在学会中文。	0
他在赶论文。	1
我所看过的那个人不是你说的那个人。	1
她男朋友很帅。	1
那本小说张三逼李四拿回家了。	1
汪霖老鼠肉都敢吃。	1
张三在黑板上写满字。	1
老太太根本压根儿小心邻居家那条恶狗。	0
这首歌把我听哭了。	1
墙上写了“肃静”两个大字。	1
露露胖了。	1
战场上死了很多人。	1
几乎所有人都来了。	1
她吃了三次面了，好吃，还想吃。	1
他以为所有学生，他都喜欢。	1
我们的屋子就进小偷了，进屋就偷了一些钱，哎，门锁也都撬坏了，有的屋子里大衣柜也给它们撬坏了。	1
总经理否认侵吞了公司资金。	1
张三和李四两人一样高。	1
小S唱哭了。	1
他们学生不会喜欢功课的。	1
这些事使她非常繁忙。	1
你们谁去帮我拿个碟子来。	1
每个农夫都没有用来收割的一辆车子。	0
他五分钟内拿了一碗汤来。	1
阿Ｑ啤酒喝了六罐的，小Ｄ高粱喝了两瓶的。	0
那首歌唱哭了我了。	1
她做梦梦到了让儿子到火星上留学的奇怪想法。	1
他收藏并学习各种各样的乐器。	1
小Ｄ的车子最娇贵。	1
他小曲没有唱过。	0
张三当时气得慌。	1
菜越来越贵了，但是我不知道多贵。	1
王小姐，张三认为李四不喜欢。	0
幸亏消防队员来得快的那场火没有造成太大的损失。	0
他很忙，对于文件根本欠读一章一段。	0
为朋友，他做了很多事。	1
玛丽的关心有些多余。	1
他看到一个客人点了龙虾；我看到一个客人点了鱼。	1
你既已承诺相赠与我。	1
同事们一向怀疑他的艰苦创业故事是记者编造的。	1
有三个学生喜欢书。	1
李四把林伊打了一下。	1
张三正在把树砍倒。	0
妈妈，对朱自清写的散文很爱看。	0
阿Q不要什么。	0
一个人没有看他的电影。	0
他们会今天把文件寄到办公室。	0
我吃这家饭店。	0
法庭裁定张三为有罪。	1
十磅的这只狗很健康。	0
实时短剧看起来已经是综艺节目主流。	1
我请过那个人两次。	1
他是难道昨天才出发的吗？	0
主任给灌醉了。	1
连续杀人犯在台北杀了人了。	1
前三天很冷。	1
球迷们决不怀疑那个美国主裁判执法的公正性。	1
今天星期三了。	1
警察逮捕了张三。	1
他们到院子里搬。	0
我仔细地看完了这位作家的三本书。	1
这个不孝之子呢，真是气死我了！	1
这样做能避免出现什么意外情况吗？	1
学生两个人我听说很喜欢在一起。	0
一块玻璃故意碎掉了。	0
这个人杀过老虎。	1
他能去，我也能。	1
他昨天买了一件新的毛衣，我买了一件旧的。	1
手冷冰冰的。	1
我让你住三天。	1
我三本书看完以后，又买了另一本。	1
为了安排你参加夏令营，把三斧给顶啦。	1
谁没都来？	0
我随口问问的，没有别的意思。	1
他很忙，对于文件从来欠读一章一段。	0
我见过他三次了；他们也要。	0
这辆坦克车从二次大战开到现在，快抛锚了。	0
可你想我身上东西都满了，那走路还能利索吗？结果就把门口放着的一个铁锨给碰倒了。	1
他不念书了；我想知道是为什么。	1
什么肉，我没煮。	1
我吃过小Ｄ做的茴香豆。	1
他们离婚的谣言传遍了公司。	1
我梦到的是一只猫在爬树。	1
我和她是朋友。	1
我还是赶紧溜走的好。	1
他已经病死的谣言被证明是假的。	1
是所有的男孩喜欢书，不是只有一部分男孩。	1
你们这三个懒骨头。	1
老王的房间比我的大，老王的房间还比我的干净。	1
听起来他是无辜的。	1
经理他成见很深。	0
他连看都不看。	1
张三要去，而我也要去。	1
至少一百个人我知道没去投票。	1
这顿晚餐浪浪漫漫的。	1
他把了橘子剥了皮。	0
张三被李四来了。	0
我一定得照顾他们，因为他不会。	1
他不能做我能的事。	0
他对这个案子的调查很深入。	1
昨天，他死了。	1
张三被有骗。	0
他逼小李不改嫁。	1
小明住学校里。	1
老张是同乡。	0
少数议员压根儿没有抵制用土地换和平。	1
你认识他吗？	1
张三把玛丽喜欢。	0
他可能已经买了那本书。	1
我有礼物相赠。	1
也许他会爱上你。	1
我应该唱一首小曲。	1
张三担心李四。	1
巴黎和会压根儿拒绝讨论中国的提案。	1
要是两个线索被每个人找到。	0
我们送了他一张票；他们也送了他。	1
老王的房间比我的还干净。	1
我昨天听到的邓小平逝世的消息很令我吃惊。	0
姐姐衣服洗干净了。	1
花很红。	1
石头丢水井里。	1
小树自己长歪了。	1
我不喜欢看别人翻过的书，我只看新的书。	1
张三被在学校骗走了。	0
这算不了什么。	1
张三买了很旧的车，但我不知道多大。	0
张三所跳舞的舞伴很漂亮。	0
他压根儿后悔年轻时抛下父母，远走他乡。	0
那个人来了。	1
没有人为什么辞职？	0
他不到底想买什么？	0
英雄在国外死。	0
你走慢一点！	1
那些学者一向没有避免引用后现代主义理论。	0
他不会来，我也不是。	0
他在赶做什么。	0
他先动的手。	1
他们吃了饭了。	1
产量有增加。	1
张三掉了一些书；李四也掉了。	1
张三家里死了三个人在战场上。	1
玛丽被张三担心。	0
他们都各拿了一本书。	1
小芳跟小梅都一样高。	1
我车子坐小Ｄ的，房子住阿Ｑ的。	1
我想找一个负责英文的秘书和教小孩的家教。	1
我梦到的是，那棵树，一只猫在爬。	0
我看过，这电影吧。	0
会不会最多两个人去？	1
他跑丢了鞋子。	1
张三跑在大街上。	1
声音，我听过小Ｄ唱歌的。	0
张三被李四打了王五。	0
这机器死过好几次火。	1
谁都喜欢李四。	1
老爷子从来抵制使用洋货。	1
什么张三记得李四买了？	0
东尼写给学生们一人三封信。	1
他们会吃的橘子一定很甜；不会的橘子一定不甜。	0
张三逼那本小说李四拿回家了。	0
他为朋友做了很多事。	1
所有学生喜欢书。	1
花落下了。	1
他对广东话有研究。	1
他把这些文章都看得很生气。	0
宝玉跳舞，而我可是要回家。	1
张三需要有一辆自行车。	1
农田毁了。	1
发动机给开爆了。	1
《红楼梦》啊，小王正在看。	1
他们都可能有买医疗保险。	1
他把我的命令服从了。	0
他是有事，不是偷懒。	1
你可坏了我的好事。	1
我坐车子坐小Ｄ的。	0
我让你比你让他多住了三天。	0
你们快点儿开车，我们慢点。	1
胖子坐塌了椅子。	1
这里有一个人。	1
架子移上去了。	1
他们从来就差哭鼻子了。	0
菜八块钱。	1
工人坑儿挖浅了。	1
虽然我很开心。	1
李四上个月很沮丧。	1
便宜都被他沾光了。	1
李逵累哭了两天。	0
玛丽被激怒了。	1
李四没有做三天工作。	0
两个人可以吃十碗饭。	1
我希望绳子短了一点。	0
老王嘛，先带过来给我看一下！	1
小狗用爪子挠了他一下。	1
上海全景图，可以看到每个细节。	1
宝玉要跳舞，但是我可要回家。	1
孩子自己病死了。	0
你报纸给我还了吗？	0
张三有一个小孩，但我不知道张三有一个几公斤小孩。	0
宿舍被他买花去了。	0
阿奇吃了两碗饭。	1
阿林跟莉莉玩了他们两个人一个痛快。	0
他能去每个我不敢的地方。	0
张三把我打伤他。	0
他对广东话的研究很深入。	1
张三走到院子里。	1
气球飘到空中。	1
这件事我做起来很轻松。	1
他训练马啊训练得很好。	1
课本放桌子上。	1
大锅子煮牛肉很好；小锅子煮不好。	1
他骑那匹马骑得很累。	1
我知道了张三会偷东西的证据，但我找不到李四也会的证据。	0
张三所发出来跟李四所听到的声音是一样的。	0
他要见谁想找来这儿的学生？	0
那张桌子大极啦。	1
王老师张平英写的论文反复地看了好几遍。	0
他来还是不来比较好呢？	1
他弄哭了妹妹。	1
她很好看吧。	1
那盆衣服被姐姐洗累了。	0
他在公园里走了。	0
我请他吃过饭。	1
张三感动李四会哭。	0
她写疼了手指。	0
胡老师用时间那门课。	0
我们的会议关于那次事故。	1
这本书买起来很容易。	1
他是被谁骗了？	1
张三笑了，而且笑得很开心。	1
钟声再又响起。	0
你睡那张床。	1
他挖洞抓兔子。	1
如何没有鲜鱼？	0
啤酒，阿Ｑ一口气喝完了六罐的。	0
他喜欢张三，我也是。	1
他不是做起事来很用心。	0
这里难免发生什么交通事故。	0
内用通常都比外带价格还贵一点。	1
他用拳头揍。	0
我明年去北京。	1
一个人我们啊，买了两本书。	0
张三比李四肯定高一头。	0
张三最好的朋友:他做运动啊只有打躲避球。	0
如果你想看，我就把这本书送给你。	1
每个人做了什么菜？	1
此外，并且她指出这篇文章还有几个问题。	0
小芳比小梅喜欢唱歌。	1
脸上没有挤出白色的东西。	1
我喜欢张三他们那三个。	0
三个孩子们，快来呀！	1
水干干净净。	1
我昨天遇到那个男生。	1
张三连玛丽都讨厌夸奖他的人。	0
昨天沉了两艘船。	1
我听过小Ｄ唱歌的声音。	1
这条鱼吧，哪个小朋友钓的？	1
张三把李四很相信会成功。	0
我老爸驾车压根儿留神，也不接手机。	0
他们各拿走书。	0
这辆宝马开得我全身冒汗。	1
是谁最可爱？	1
我应该到大陆来。	1
连看他都没看。	1
这件洋装是不是看起来很好看？	1
你为什么没告诉我校长不去北京了？	1
这个不孝之子嘛，真是气死我了！	1
她买花来我家里或去李四的宿舍。	1
她的男朋友很帅。	1
我有三本很好看的书。	1
推比拉省劲。	1
那个人找到两本书。	1
一只猫如果生病了；从不睡整天觉。	0
你比我在国内一辈子还赚得多。	1
吃饱了饭，你还打算折腾什么？	1
林伊把衣服在包成一个大包。	0
大锅子，牛肉煮很好。	0
是谁买了那本字典？	1
他做给我很多事。	0
一把刀切人。	0
张三和李四两人合教了一门课。	1
老魏抬肿了肩膀。	0
他把我唱哭了。	1
张三在家里呆。	0
住在中国的人需要一个廉洁的政府。	1
张三没有来，我不知道是怎么没有。	0
谁要来吗？	1
他从来后悔年轻时抛下父母，远走他乡。	0
我担心病人；他们也担心病人。	1
他们被抢走了最喜欢的玩具。	1
一辆马车赶到了。	1
张三在耙子上射箭。	0
当然，应该说，这个传统是从马克思起就有了。	1
小红到二楼来拿书包。	1
我在公园里找到是你的狗的。	0
他的身体非常累垮了。	0
我把李四认识了很久了。	0
张三眼看自己喜欢的球队快要输了。	1
约翰喜欢什么呢？	1
大电影院看动作片很好，小电影院不好。	1
李四知道有什么渣子硌你脚。	0
张三最喜欢的歌反而是李四最讨厌的。	1
张三每周学习这架钢琴。	1
一个男人应该勇敢。	1
张三有一个小孩，但我不知道张三有一个几公斤的小孩。	1
他们演到操场上。	0
张三读了两本李四昨天买的书。	1
我很喜欢他修车的。	0
谁你最喜欢？	0
我认识昨天来找你那个学生。	1
张三的话把玛丽感动了。	1
他连吃都吃过。	0
他们都有买医疗保险。	1
我不是考上大学了。	0
张三随便找了三个懂英文的学生。	1
她们根本压根儿防止人口流动。	0
张三这本书能够看得完。	1
小王啊，我送了一本《红楼梦》。	0
你们走吧。	1
这个案子听起来不单纯。	1
张三把玛丽侮辱了。	1
张三关在了屋子里。	1
李奇又洗冷水了。	0
张小姐穿衣服就是穿款式。	1
虎姑娘过来，把钱抓在手里，往他的衣袋里塞。	1
今天的工作写一份总结。	0
她拿来了房间一碗汤。	0
如果一直大象鼻子很长，那一定很可爱。	0
我把你给当成朋友了。	1
他走了吗？	1
毛主席周恩来比邓小平还要信任。	0
从那里，他带回来很多纪念品。	1
他们在操场上演出。	1
我们都跟他合教过一门课。	1
这条河的深度比那条河的宽度大。	0
伍子胥白了头发。	1
胡斐买书去了。	1
我已经开二十年计程车了。	1
谁喜不喜欢他和我无关。	1
张三骑马骑得很快。	1
头顶上是宽宽阔阔的一片天。	1
我买了三条绳子。	1
他做了一个蛋糕，可是没做好。	1
所谓的汤其实是水。	1
我们听讲的同学们被赵先生的勃然一怒给愣住了。	1
他的手把栏杆抓得紧紧密密。	0
他连坐在迷你马上都骑马很紧张！	0
他没回学校。	1
你要把他怎么样？	1
你去帮他那就算了。	0
一只猫如果生病了；总是睡整天觉。	0
阿Ｑ—口气吃完了三斤西瓜，但吃不完四斤西瓜。	0
张三，这件事跟没有关系。	0
原因，我调查过小Ｄ被打的。	0
他能做我也不敢的事。	0
他居然喝了我三瓶酒。	1
会不会他去？	1
李四进一步向上提升的意图很明显。	1
张三曾曾曾祖父前三个女朋友都住在台北。	0
他唱着大声歌。	0
他是秘书兼打字员。	1
小王嘛，多么调皮啊！	1
他们给了经理。	1
有一个人到底买了什么？	0
他饿着肚子。	1
张三喜欢照片中前三个选手。	1
博士生，阿Ｑ还没见到第一年的。	0
毛衣奶奶织大了，胖点也能穿。	1
他看了那本书。	1
急急地跑过来。	1
大锅子没煮什么肉，小锅子也没煮。	1
一位德国兵擅长魔术，他的表演使英国兵看呆了。	1
阿奇在吃父母，他们已经退休了。	0
弹片取出来了。	1
我赏过他两次金银珠宝。	1
牛奶运到厂里。	1
张三没被他卖了。	0
他以山峰作旋律，大漠，高原作舞台。	1
男生呢，我很不喜欢。	1
球迷们怀疑那个美国主裁判执法的公正性。	1
打它一个片甲不留。	1
他们，那灌溉工程呢，沟挖浅了。	0
他以为全部学生喜欢书。	0
张三打了三次喷嚏。	1
他的手把栏杆抓得紧绷绷的。	0
他们到操场上演戏。	1
这种事，张三做起来显然很认真。	1
妈妈对朱自清写的散文很爱看。	0
球向下飞过。	1
男生看起来有二十岁左右。	1
好人给坏人给给他骗了。	0
他一下砍了下去。	1
那个女生不是一直在看我。	1
他把书看完了。	1
他把我吓忘了我想说的话。	1
他住这儿。	1
—个小时前我看到他在吃饭，他现在仍在吃饭。	1
你最喜欢谁写的书？	1
小明到学校里住。	1
张三还是李四在家里上班？	1
我有张三的三本书。	1
姐姐呢，把全是油腻的脏衣服洗干净了。	1
吃它个很痛快。	0
李四被喜欢。	0
当然，也还说了四五句别的寒暄的话，但都是站在门口说的。	1
有三个人来了。	1
他很辛苦了。	1
他开过这艘摩托艇。	1
他显然骑马骑得显然很累。	0
这只金毛犬可可爱爱的。	1
这瓶酒嘛，先全喝了！	0
他到去学校拿东西。	0
我看到过一个小明。	0
双脚尚未站稳，脸上便接住金大印重重的一拳。	1
玛丽被张三喜欢。	0
张三到起家来很快。	0
他扎一针。	1
露露居然敢抢银行是不可思议的。	1
温都太太到底给早饭端来了。	0
每个人没都做了吗？	0
张三有一个小孩，但我不知道几公斤。	1
我昨天看到的那条新闻出乎我的意料。	1
毛衣奶奶织大了，穿起来不好看。	1
他不去北京。	1
一只青蛙跳了。	1
张三把李四的看法很同意。	0
张三有一事相询。	1
边防机构压根儿无法制止偷渡活动。	1
他马上回去。	1
把建设有中国特色的社会主义伟大事业全面推向二十一世纪。	1
这封信被写给了凯特。	0
他把那地方离开了。	0
一只猫通常有四条腿。	1
我今天已经追累了那只狐狸，实在走不动了。	1
张三吃不吃什么东西？	0
你去过大陆的城市吗？	1
北方冷气团只是向东边移了约400米。	1
林伊又被王五击出了一支全垒打。	0
我一下子买了十斤的樱桃。	1
我喜欢代数比几何。	0
这文豪是一个词，您别给它拆开。	1
我比他们都高。	1
张三会去美国，但我不知道是怎么样。	0
我希望绳子短。	1
你吃的是谁？	0
学生们一人笑了两分钟。	0
他虽然很忙，但是对于文件一向没有欠读一章一段。	1
阿Q明天去上海，我可是下星期才去。	1
他高兴得跳起来。	1
张三一个人，我以为很多人都认识。	0
张三显然比李四高一头。	1
这个故事写老年人的，很感人。	1
当时我们被蒋先生智慧的狡黠给震住了。	0
三个学生，我以为很聪明。	0
课本在桌子上放。	0
我不认为张三喜欢谁。	1
张三跑得比以前快了一点儿。	1
那个人死了三年了。	1
那个声音，他唱歌。	0
弟弟那一个糊涂蛋又忘了东西了。	1
张三是老师。	1
昨天他没来。	1
张三买了车，但我不知道是多新的。	1
我从没到过那样一个阴森森的车站。	1
观察家并不怀疑共和党在中期选举中的优势。	1
他画着两张画。	1
请大家回在座位上。	0
张三相助李四。	0
有三个学生，他很喜欢。	0
这条裙子稍微短了一点。	1
他在地上滚。	1
张三说他会来。	1
他因为过重，所以他不用当兵。	1
我想知道谁买不买谁写的书。	0
李四被感动了。	1
我知道这件事。	1
张三死了的父亲被埋了。	1
是李四难道先逃走的吗？	0
张三对李四的批评一针见血。	1
他们好像都吃素。	1
张三打了他好几次。	1
张三买了第三栋房子。	1
他们逃在大山里。	0
我被张三抢走了一本关于他自己的书。	1
李四给创造了。	0
那件事激动得张三流出了眼泪。	1
他以为我想知道谁喜欢什么。	0
火箭飞向天空。	1
广告到大门上贴。	0
张三我已经见过了。	1
张三的三支铅笔不见了。	1
无论谁写的书我都看。	1
稻田绿油油的。	1
李四每年高一公分。	1
书放在桌上。	1
张三被从学校拐走了。	0
你要是不听我的话，我就不给你糖吃。	1
土匪把张三打死了爸爸。	0
因为他不是，我一定得照顾他们。	0
我很伤心他现在要受人轻视。	1
我抽烟，第一口就把我呛得连连咳嗽。	1
露露高了蜜蜜很多。	1
有一个人可能没有看那种电影。	1
英国前三位首相都是男性。	1
这一次财主打断了王胡的腿。	1
少数议员压根儿不抵制用土地换和平。	1
弹了一天，张三弹了一百遍。	0
最多两个人敢跟谁打架？	0
小芳和小梅俩都是妯娌。	0
郭靖说他看到了两个胡斐。	1
东西被凯特打了一拳。	0
我不晓得他买书不。	1
来到最熟悉的图书馆。	1
张三买了一辆很快的车，但我不知道是多快。	1
玛丽激怒了李四。	1
露露比我要的高度高出三公分。	1
这碗饭吃两个人。	0
张三说那本小说李四读完了。	1
杂草给清除掉了。	0
你担心他怎么样处理那件事情？	1
大禹忙起来的时候，路过自己的家门，都不肯进去。	1
我带给那个男生一个礼物。	1
那些顾客买贵了的化妆品。	0
老王冬天也洗冷水。	0
林伊把他所骗得团团转。	0
很少人，我认为会去。	0
有的图书馆藏书缺了好几页。	1
谁买的狗最可爱？	1
同学和女友在宿舍门口十八相送，	0
在那场较量中，是他打败了他自己。	1
丽丽买的一本书很精致。	1
我看见猫在院子里打架。	1
张三侮辱了玛丽。	1
张三写了比李四写的长的论文。	0
他是去年来的。	1
张三相信谁买了书？	0
坑儿挖浅了的工人们。	0
我明年要去美国的。	1
他咳了三声。	1
我查过小Ｄ被打的原因，也查过王胡被抓的原因。	1
张三骑得很累。	1
自从李奇睡那种沙发以来，他就再也没有头痛了。	1
医生差点没救活这只小猫。	1
李四之前喜欢玛丽，他还或许喜欢她。	0
他根本没有后悔年轻时抛下父母，远走他乡。	1
老李吃得一个心满意足。	1
传说中狐狸有九根尾巴。	1
张三真心地比虚伪地关心你。	0
张三买书张三不买书？	0
他到底不来来？	0
张三明天仍可能后天赢了那场比赛。	0
一个二次方程式通常有两个不同的解。	1
他们演操场上。	0
他差点病了。	1
张三养了三种狗共三只。	0
我们村子里沉了两艘船。	1
张三更真心地关怀你。	0
张三对这件事的责任很大。	1
校长分给一人我们十个大学生。	0
这瓶酒吧，你先全喝了！	1
我跑得筋疲力尽。	1
红很好看。	0
赵六是王五的好朋友，王五常以礼物相赠。	1
他无论什么都吃。	1
篮球，你们打得怎么样？	1
小李养了一条金鱼。	1
她吃了三个钟头的面了，还没完，可能还要再吃两个钟头。	1
我叫他帮我买酒。他却给我买了烟！	1
李四砍了几斧子那根木桩。	1
有一个人慢慢走了过来。	1
李四卖了三块的蛋糕。	0
找到的两本书的那个人。	0
张三今天太忙了，午饭吃那个图书馆。	0
张三高比李四。	0
高高的药包下面跪着小王。	0
小芳喜欢唱歌，小梅喜欢唱歌。	1
他已经把很多孩子先带回去了。	1
很多朋友都来了。	1
我把这个问题喜欢了。	0
有谁想不想吃苹果的。	0
张三随便着了懂英文的三个学生。	0
张三扎了他一刀子。	1
他看了三个小时看书。	0
李四看到张三的时候。	1
你与她一谈起来，才知道她脑筋新的很。	0
小船一路漂移向前。	1
很少人是不是想去？	0
老爷子一向抵制使用洋货。	1
阿Ｑ喝了六罐装的啤酒，小Ｄ也喝了两瓶装的啤酒。	0
有百分之八十的人都没去投票。	1
你应该把他如何修车的告诉我们。	1
浑身有土。	1
波士顿南站，我们明天就从出发。	0
东尼写了凯特一封信。	0
她哭湿了手帕。	1
张三前三个女儿都住在台北。	1
我的爸爸是个英雄。	1
你清楚了吗？	1
我请三个朋友们吃饭。	1
是张三最可爱。	0
张三不是美国人，李四是。	1
王熙凤嫌他有点多余，后来就把贾宝玉支走了。	1
没吃饭三天了。	0
这个院子大大的。	1
双方的损害都厉害不厉害？	0
我老爸驾车根本留神，也不接手机。	0
他是骗人。	0
他想知道谁唱民歌。	1
他们各拿走10%的书。	1
那些学者从来没有避免引用后现代主义理论。	1
他的病情逐渐好转。	1
这匹马骑累了我了。	0
便宜都被我让他沾光了。	0
张三不喜欢李四，王五也是。	1
说归说，还是一大锤砸下去，把门给砸碎了。	1
张三不是小人。	1
丽丽会用更多毛笔写字。	0
我吃面吃得很高兴。	1
李四又被王五击出了一只全垒打。	1
张三没把电视弄坏。	1
我跟他们都一样高。	1
无论谁吃什么都跟我无关。	1
我担心病人；他们也担心。	1
他问明白了这个问题。	1
那些作家根本避免描写性生活。	0
对这件事故啊校长呀责任很大。	0
张三比李四更高。	1
你开开心心。	0
那瓶酒咕噜咕噜地喝醉了我。	0
他对那件事的严厉的批评令人们很震惊。	1
那个方法，他修好了那部车。	0
你到底想看电影还是打麻将吗？	0
这事是真是假，谁也不知道。	1
张三他们几个学生，你教过的那些，现在在这儿。	0
李四去过台北，但我不知道几次。	0
几乎全部的人都来了。	1
那封信被我叫李四请王五托他妹妹寄走了。	1
李四非常愤怒是因为玛丽突然离开。	1
玛丽：所以，张三学德语学了很多年。	1
张三很努力，可是他失败了。	1
阿Q居然慢慢地给人家擦地板。	1
小红下二楼拿书包。	1
他从来不拒绝记者上门采访。	1
气球到空中飘。	0
他是骗子。	1
哥哥搬了两箱的书。	0
警察怀疑女人那时候受了伤。	1
张三知道了。	1
这个负心汉抵赖签过什么离婚协议。	1
我看过，这电影。	1
这就是张三觉得李四会开出来的价码。	1
各个学生都很优秀。	1
张三还可以走路。	1
笑有益于了健康。	0
张三哭得很累。	1
你去帮他好不好。	1
他不要。	1
我吃豪华饭店吃了很多天。	1
他看到什么了。	1
从法国为了什么来了三个工程师？	0
被卖到张家后，他姓了张。	1
我是在公园里找到你的狗的。	1
你喜欢是谁买的狗？	0
蚂蚁出现了。	1
跟张三跳舞的舞伴很漂亮。	1
张三跑得快不快？	1
他现在挑选了很多新出的玩具。	1
她是生的男孩。	0
张三比李四显然高一头。	0
他养兔子。	1
他把球赛参加了。	0
小芳和小梅是妯娌。	1
张三和李四两人都是同乡。	1
他赢着比赛。	0
你希望为什么他没来？	0
你去帮他那就得了。	1
你到底认识他不认识他？	1
狮子很快就会绝种。	1
是谁告诉你的？	1
张三可以这本书带回家。	0
英雄死国外。	0
他们赢了一场球赛，可是没有赢完。	1
没有人们。	0
嫉妒沮丧比嫉妒悲伤好多了。	1
我住在鹿特丹。	1
这三个学生去过美国。	1
张三抢了李四一条项链；我也抢了李四。	0
小明有没有站起来？	1
我老爸驾车压根儿没有留神，也不系安全带。	0
张三不小人。	0
他饿了一小时。	1
河水冻住了。	1
是昨天他没去上课。	0
我看了一下明天报纸。	1
请大家回到座位上。	1
宝玉要跳舞，但我可是要回家。	0
张三会说他喜欢他的老师；李四也会。	1
自己也坚持一个星期做几次面膜来使我的肌肤紧绷。	0
王胡喝髙粱喝了两瓶。	1
李四弹钢琴的声音很好听。	1
张三买了一辆车，但我不知道是多大。	1
你的脚步怎么不轻轻的。	1
露露高蜜蜜三公分。	1
他以为有三个学生喜欢书。	1
这瓶酒把他醉倒了。	0
张三死了一条鱼；李四也死了。	0
妈妈把我的玩具给扔了好几个。	1
张三有一事相求于你。	1
张三要一份名单，但我不知道是多详细的。	1
玛丽：听说张三会骑马？	1
五十岁啦，王老师呢。	0
我看到远远的地平线。	1
我请过两次那个人。	1
李奇在逛那家刚开张的商店。	1
我想吃它四个肉包子。	1
张三当时气得够呛。	1
被许多人不看好的禾山中学继去年高考一鸣惊人之后，今年再次让人吃惊。	1
在他读起来，这首诗不太顺口。	1
鸡蛋，我买了三打的。	0
什么人喜不喜欢他？	0
这种自动马桶不需要洗手。	1
我每天六点钟起来。	1
张三给他被卖了。	0
阿奇教什么时间？	0
一个小孩在快跑。	1
新年刚过，在罗马一家医院里，一个女孩呱呱坠地。	1
杯子差点没摔碎了。	0
他差点没打破世界记录。	1
我亲眼看见了消防队来晚了的那场火。	1
小王第一个跳。	1
张三可以去，可是他偏不。	1
小Ｄ的车子最娇贵，阿Ｑ的车子则最粗壮。	0
我拿刀切了肉。	1
书，你认为他看完了吗？	1
村子里有前三个医生。	0
国民党是飞机和大炮，我们是小米和步枪。	1
张三书武侠小说大概看得最多。	0
张三打伤了他的同学，李四也是。	0
张三给了一针小孩儿。	0
天气又热了。	1
我有一物相赠于你。	1
你去帮他比较好。	1
我老爸驾车一向不留神，也不系安全带。	1
他们逗唱了那个陌生人。	0
她挂了一幅画在墙上。	1
杯子放到桌上。	1
老李跟他们在厨房里用刀子开罐头。	1
那个猎人喊得筋疲力尽。	1
张三有十二个鸡蛋。	1
第一年的博士生常哭天喊地。	1
那本小说，他们唱得我没心思看。	0
我读了三本书。	1
张三往家里呆。	0
他跟我合写一本书。	1
阿Q为了什么会辞职？	0
我昨天碰到了小王。	1
这瓶水满满的。	1
他从来没有后悔年轻时抛下父母，远走他乡。	1
老王杯子打破了。	1
这一回可被他爸爸把他给给他骂哭了。	0
张三比李四重十斤。	1
树叶飞落下来到河里去。	0
犯人给跑了。	0
他在大声唱歌。	1
张三偶尔只去参加讨论会。	0
我没有悄悄地回过家。	1
我看到狗。	1
张三看了一回电影。	1
我在赶写论文。	1
这瓶酒啊，你先全喝了！	1
把衣服给淋湿了。	1
五个人准能完成任务。	1
一位穿红衬衫的服务员是我的朋友。	0
他在城里举办过一个展览会。	1
他租那座房子租了一年。	1
他只吃苹果，他一般不喜欢吃其他水果。	1
张三买了三本书，李四买了五本。	1
张三想着那件事。	1
谁你喜欢我批评的文章？	0
我送一个人每本书。	0
张三和李四俩合教了一门课。	1
我这篇论文还在看。	1
张三是第一年的博士生。	1
这样的做法还在小公司可以，但在大公司就不行了。	1
你认真地退。	0
小树给长歪了。	0
噢！兴国学校那儿有一位张先生你认识吗？	1
饭后，他喜欢抽一根烟。	1
蛋糕，李四卖了三块的。	0
张三比李四还更高。	0
现在我儿子比以前乖多了。	1
开了空调睡觉。	1
那里有一条大鱼。	1
你想去，我可是不想。	1
王五不高兴非常。	0
你难道不想过来吗？	1
李奇没吃过这个大碗。	1
教学中心要用心去教每一个学生。	1
宝玉要跳舞，可是我要回家。	1
我吃完饭以后再走。	1
当时我们被蒋先生智慧的狡黠震住了。	1
那个猎人喊累了。	1
小王吧，班主任喜欢还是不喜欢？	0
李四来得真巧。	1
凯特被东尼写给了一封信。	0
张三会说张三的老师喜欢张三，李四也会说张三的老师喜欢李四。	1
来人既有要事相商。	1
张三昨天被李四打了。	1
他们明天会来一个客人；我们也是。	0
脚绑条红绳子。	1
我们全村才两千人。	1
张三他们那三个懒骨头实在不靠谱。	1
连一个人难道都不买吗？	0
这双鞋有变小。	0
我认识很多喜欢的人的那个女孩。	0
图书馆藏书，有的缺了好几页。	1
苹果红了。	1
他不相信你这么唱过什么民歌？	0
我把他认识三年了。	0
这是你的吗？	1
阿Q明天去上海，我却下星期才去。	1
这里住着日本的前三位首相。	1
老王戴着眼镜看报纸。	1
令他没想到的是，执法人员竟然一脚飞踹将微型面包车给踹翻，车上的8个人都不同程度的受伤。	1
来了回不去。	1
那首歌唱得我落了泪。	1
小红到来二楼拿书包。	0
他们没都去。	1
他看书应该看了十个小时。	1
他把孩子逗笑了。	1
一本小说，我在找。	0
除了打针，李四必须还吃药。	1
每个人没都去。	0
我是个弟弟在上海，没有哥哥。	0
什么人喜不喜欢他。	0
张三吃了苹果，李四呢，香蕉。	1
小红降二楼拿书包。	0
李奇吃图书馆，不是吃食堂。	0
高高的明耀，你摸不到他的头。	0
每只狗都有一条尾巴。	1
李四在木桩上砍了几斧子。	1
他们根本没有差哭鼻子。	0
天气预报说下周有轻度的台风。	1
张三养了三只这一种狗。	0
玛丽的批评激怒了李四。	1
他自己所弄的错误使他懊恼。	0
那件衣服算好看了。	1
他不喜欢张三，我也是不喜欢。	1
谁想吃苹果吗？	1
玛丽被张三感动了。	1
这件古董难难得得的。	0
我太难看了。	1
淑芬把坑挖浅了一公分。	1
张三见过五只这两种狗。	0
昨天我们有上课。	1
你先把这块肉切切吧。	1
三本书，张三看了两本。	1
米饭吃在肚子里。	0
他城里举办过一个展览会。	1
张三需要明天有一辆自行车。	0
张三从学校被拐走了。	1
老王搪瓷杯子打破了。	1
孩子给吃饱了。	1
他们逃到大山里。	1
朋友们都给了节日礼物了。	1
水洒了一点。	1
阿Q无视任何人的存在。	1
玛丽唱起歌来很好听。	1
潮水退下去了。	1
露露昨天把字写小了。	1
为什么他没来？	1
那个女生一直有在看我。	1
我的月工资320元。	1
这一回财主打断了王胡的腿。	1
我最喜欢香蕉的水果。	0
张三读过各三本书中的一本。	0
我对他们三个特别好。	1
他大哭，哭得眼睛痛。	1
我从每家银行都借了钱。	1
笼统看起来这些都是管理系统出了问题。	1
球向上飞过。	1
张三记得李四买了什么？	0
张三见了邓小平两次。	1
东西给藏好了。	1
比李四，张三重十斤。	1
张三杀死自己。	1
他们压根儿没有责怪我匆忙地作出了离婚的决定。	1
我经常而他很少抽烟。	0
我对张三和李四学生很关心。	0
张三绕了两次。	1
每个人为什么都没来？	0
上海，我去过好几次。	1
我昨天写了一封信，可是没写完。	1
他挖了几锄头，但就是挖不进去。	1
车祸发生了。	1
他明天写了信。	0
李四还在生病，他必须还吃药。	0
我看到了十磅这个学生。	0
张三被警察秘密地捕了。	1
李四一次打在了对手的脸上。	0
这本书不好看。	1
露露高出蜜蜜三公分。	1
可是他不知道。	1
日本人吧，真的努力工作吗？	0
小鸟落在树枝上。	1
约翰被爸爸骂得很惨。	1
他马上回来学校。	1
张三那本书还没看完。	1
这瓶酒呢，先全喝了！	1
你们，谁会怎么睡？	0
我小心地拿杯子给他。	1
我，那本书，这群学生送过了。	0
约翰喜欢玛丽，比尔是。	0
李四做得很舒服在沙发上。	0
这首小曲儿能会长一点。	0
大部分的学生都会去。	1
他读过了这本书。	1
他抵制卖些什么来筹款。	1
什么人喜不喜欢他和我无关。	1
他跟我说李四不去。	1
张三给一拳就打死了。	0
我把这瓶酒喝醉了。	0
张三昨天再去台北，把工作做完。	0
水给洒了。	1
张三写满在黑板上字。	0
他没有回过家。	1
塞族议会接受这个方案。	1
小王吃了一碗饭。	1
张三被李四打了一下。	1
武侠小说张三书看得最多。	0
病情好转了。	1
我想让你玩你个痛快。	1
他充分利用了硕士生的第一年，却把博士生的第一年浪费掉了。	1
他用刀杀了很多鸡。	1
我拿书到图书馆。	1
昨天，我看到一些学生。	1
她给创造了。	0
玛丽穿起洋装来很麻烦。	0
博士生的第一年不是人过的，硕士生的第一年则如天上人间。	1
他对工作是认认真真，一丝不苟。	1
一种取几根头发就可准确断定被检测者是不是吸毒者的检毒方法最近问世。	1
张三跑得鞋都掉了。	1
最多两个人是不是想去？	0
这两年，语法书我已经攒了两大箱子的了。	1
虽然我很丑，但是我很温柔。	1
张三和李四俩都合教一门课。	0
请你告诉他你昨天听到的消息。	1
他故意喊。	1
他洗了衣服。	1
玛丽的儿子考上了北大。	1
小河里流着清清水。	0
他煮那道菜煮得很好吃；我没有。	0
他是一双大眼睛，没有小眼睛。	0
邓小平逝世的消息惊动了所有人。	1
新课程教材让每个老师学会创造。	1
他用炮轰。	1
石头在水井里丢。	0
有谁想不想吃苹果。	0
谁买了什么？	0
李四没有卖鱼三年了。	1
小王吧，班主任喜欢不喜欢他？	0
我舒服了。	1
小华小美相爱已久准备结婚。	1
那条木板，他轻而易举地踢不断。	0
张三吃得很快，我不知道为什么。	1
李四吞吞吐吐的样子把林一急死了。	1
她写了信，可是没写完。	1
图书馆员走了，你大声地可以说话。	0
陨石落下水面。	1
他连这本书都看完了。	1
你相信为什么他没来？	0
张三学了法文，可是还没学会。	1
张三是昨天看到王小姐。	0
他就是喜欢音乐的我昨天看见的人。	0
做饭的时候，还好好的。	1
你对那件事的那三点批评有些牵强。	1
他生病了，可是但是他仍然去上班。	0
我想买不用洗手的自动马桶。	1
张三做起事来据说不太可靠。	1
千小心，万小心，就怕吓着别人，到底还是把那两个孩子给吓着了。	1
爷爷躺到沙发上。	1
李四不幸把花瓶打破了。	1
我不同意你对经理的我昨天听说意见。	0
她嘛，生的那个孩子怎么这么丑啊！	1
吃，我是吃过，不过没吃多少。	1
李四讲得很清楚英文。	0
李四送了这些老师给一人三本书。	0
你想吃什么吗？	1
我很喜欢这个学生和那个学生。	1
他们昨天来了一个客人；我们也来了。	0
张三怎么来了？	1
小王么，是上海人。	1
我不吃木瓜了。	1
我要向每个妈妈致敬。	1
张三台湾人。	1
妈妈因为小明说谎比爸爸因为他偷东西还要生气。	0
他们今天会把文件寄到办公室。	1
谁要是不听我的话，我就不给他糖吃。	1
张三虽然连饭都没吃，但仍然去上课了。	1
张三喜欢什么，李四不喜欢什么？	1
老魏踢不断那条木板。	1
张三跟李四一样高。	1
《红楼梦》吧，小王正在看。	1
你只认为李四为什么看侦探小说？	0
他敢去每个我不能的地方。	0
这就是我们正在考虑的问题。	1
我要买花送给他。	1
好了。	1
李奇给同学剪发，他只剪男生。	1
这个球差点没进，都怪守门员反应太慢。	1
张三高两公分。	0
床窄了，睡不下两个人。	1
一只生病的猫从不睡整天觉。	0
我写完了。	1
这朵花张三闻起来很香。	0
你高兴不高兴呢？	1
你们，谁会怎么处理这件事？	1
他不敢做我能的事。	0
来的是什么？	1
张三高出李四两公分。	1
张三和李四一样胖。	1
那间房子的屋顶上插着一面旗子。	1
他生吃过很多蔬菜。	1
学生都喜欢书。	1
连这本书，李四都想知道谁已经买了。	1
张三在家里还是在公司上班？	1
张三每周学习一架钢琴。	0
所人总算感觉到又有新领导上任了，而且，还踢了一小脚。	0
我昨天画了一张画，可是没画完。	1
那盆衣服洗了姐姐。	0
他们到大楼里攻。	0
张三养了三只某种狗。	0
张三买了第一栋房子。	1
他们往大楼里攻。	0
张三呆上一整天。	1
他好像喜欢什么人的样子。	1
张三去过台北三次，李四也去过台北。	1
丽丽买的书都很贵。	1
饭菜香喷喷的。	1
在中国开车的时候需要开左边。	1
他不是昨天来的。	1
他们出去买甜点，买不到好吃又不会胖的。	1
